31/08/2012;AUDCAD;0.426;-0.796
31/08/2012;AUDCHF;0.627;-0.983
31/08/2012;AUDJPY;0.523;-0.816
31/08/2012;AUDNZD;0.136;-0.315
31/08/2012;AUDUSD;0.847;-1.019
31/08/2012;CADJPY;0.07;-0.291
31/08/2012;CHFJPY;-0.107;-0.121
31/08/2012;EURAUD;-1.136;0.697
31/08/2012;EURCAD;-0.298;0.055
31/08/2012;EURCHF;-0.057;-0.177
31/08/2012;EURCZK;-0.296;-0.117
31/08/2012;EURDKK;-0.455;-1.614
31/08/2012;EURGBP;-0.128;-0.004
31/08/2012;EURJPY;-0.011;-0.154
31/08/2012;EURNOK;-2.996;0.364
31/08/2012;EURNZD;-1.08;0.731
31/08/2012;EURRUB;-80.6;43.4
31/08/2012;EURSEK;-4.197;1.878
31/08/2012;EURSGD;-0.314;-0.166
31/08/2012;EURUSD;-0.038;-0.171
31/08/2012;EURZAR;-17.803;13.984
31/08/2012;GBPAUD;-1.293;0.747
31/08/2012;GBPCAD;-0.335;-0.009
31/08/2012;GBPCHF;0.087;-0.418
31/08/2012;GBPJPY;0.082;-0.286
31/08/2012;GBPNZD;-1.189;0.486
31/08/2012;GBPSEK;-3.828;1.238
31/08/2012;GBPUSD;0.03;-0.334
31/08/2012;GOLD;-5.9;-1.9
31/08/2012;NOKSEK;-0.105;-0.309
31/08/2012;NZDCAD;0.159;-0.468
31/08/2012;NZDCHF;0.3;-0.555
31/08/2012;NZDJPY;0.27;-0.515
31/08/2012;NZDSGD;0.434;-0.823
31/08/2012;NZDUSD;0.328;-0.595
31/08/2012;SILVER;-1.3;-0.4
31/08/2012;USDCAD;-0.316;-0.014
31/08/2012;USDCHF;-0.069;-0.117
31/08/2012;USDCZK;-2.364;-0.044
31/08/2012;USDDKK;-0.345;-0.97
31/08/2012;USDHUF;-4.064;3.564
31/08/2012;USDJPY;-0.05;-0.124
31/08/2012;USDNOK;-2.686;1.078
31/08/2012;USDRUB;-58.5;31.5
31/08/2012;USDSEK;-3.132;2.027
31/08/2012;USDSGD;-0.073;-0.205
28/09/2012;AUDCAD;0.324;-0.693
28/09/2012;AUDCHF;0.626;-0.978
28/09/2012;AUDJPY;0.52;-0.812
28/09/2012;AUDNZD;0.118;-0.293
28/09/2012;AUDUSD;0.858;-1.032
28/09/2012;CADJPY;0.147;-0.367
28/09/2012;CHFJPY;-0.115;-0.115
28/09/2012;EURAUD;-1.201;0.754
28/09/2012;EURCAD;-0.476;0.229
28/09/2012;EURCHF;-0.094;-0.141
28/09/2012;EURCZK;-0.454;0.035
28/09/2012;EURDKK;-0.745;-1.325
28/09/2012;EURGBP;-0.144;0.011
28/09/2012;EURJPY;-0.05;-0.117
28/09/2012;EURNOK;-3.374;0.716
28/09/2012;EURNZD;-1.144;0.799
28/09/2012;EURRUB;-94.9;51.1
28/09/2012;EURSEK;-4.334;1.991
28/09/2012;EURSGD;-0.379;-0.106
28/09/2012;EURUSD;-0.083;-0.133
28/09/2012;EURZAR;-18.531;14.677
28/09/2012;GBPAUD;-1.335;0.783
28/09/2012;GBPCAD;-0.522;0.174
28/09/2012;GBPCHF;0.071;-0.403
28/09/2012;GBPJPY;0.059;-0.265
28/09/2012;GBPNZD;-1.226;0.533
28/09/2012;GBPSEK;-3.763;1.158
28/09/2012;GBPUSD;0.009;-0.32
28/09/2012;GOLD;-5.9;-1.9
28/09/2012;NOKSEK;-0.064;-0.35
28/09/2012;NZDCAD;0.091;-0.408
28/09/2012;NZDCHF;0.318;-0.577
28/09/2012;NZDJPY;0.281;-0.532
28/09/2012;NZDSGD;0.45;-0.846
28/09/2012;NZDUSD;0.351;-0.628
28/09/2012;SILVER;-1.3;-0.4
28/09/2012;USDCAD;-0.414;0.087
28/09/2012;USDCHF;-0.065;-0.117
28/09/2012;USDCZK;-2.386;0.011
28/09/2012;USDDKK;-0.368;-0.912
28/09/2012;USDHUF;-3.621;3.131
28/09/2012;USDJPY;-0.054;-0.119
28/09/2012;USDNOK;-2.719;1.138
28/09/2012;USDRUB;-72.8;39.2
28/09/2012;USDSEK;-2.934;1.847
28/09/2012;USDSGD;-0.078;-0.194
26/10/2012;AUDCAD;0.358;-0.731
26/10/2012;AUDCHF;0.603;-0.953
26/10/2012;AUDJPY;0.494;-0.792
26/10/2012;AUDNZD;0.052;-0.227
26/10/2012;AUDUSD;0.799;-0.972
26/10/2012;CADJPY;0.089;-0.312
26/10/2012;CHFJPY;-0.14;-0.097
26/10/2012;EURAUD;-1.021;0.571
26/10/2012;EURCAD;-0.25;0
26/10/2012;EURCHF;0.064;-0.299
26/10/2012;EURCZK;0;-0.415
26/10/2012;EURDKK;0.186;-2.258
26/10/2012;EURGBP;-0.051;-0.082
26/10/2012;EURJPY;0.057;-0.229
26/10/2012;EURNOK;-2.487;-0.207
26/10/2012;EURNZD;-1.003;0.654
26/10/2012;EURRUB;-97.5;52.5
26/10/2012;EURSEK;-3.009;0.602
26/10/2012;EURSGD;-0.219;-0.263
26/10/2012;EURUSD;0.047;-0.262
26/10/2012;EURZAR;-17.978;13.914
26/10/2012;GBPAUD;-1.288;0.733
26/10/2012;GBPCAD;-0.427;0.075
26/10/2012;GBPCHF;0.091;-0.422
26/10/2012;GBPJPY;0.046;-0.257
26/10/2012;GBPNZD;-1.273;0.575
26/10/2012;GBPSEK;-3.321;0.652
26/10/2012;GBPUSD;-0.018;-0.291
26/10/2012;GOLD;-5.9;-1.9
26/10/2012;NOKSEK;-0.016;-0.403
26/10/2012;NZDCAD;0.159;-0.478
26/10/2012;NZDCHF;0.34;-0.596
26/10/2012;NZDJPY;0.292;-0.547
26/10/2012;NZDSGD;0.446;-0.836
26/10/2012;NZDUSD;0.349;-0.623
26/10/2012;SILVER;-1.3;-0.4
26/10/2012;USDCAD;-0.341;0.008
26/10/2012;USDCHF;-0.036;-0.146
26/10/2012;USDCZK;-2.214;-0.145
26/10/2012;USDDKK;-0.225;-1.06
26/10/2012;USDHUF;-3.809;3.324
26/10/2012;USDJPY;-0.051;-0.127
26/10/2012;USDNOK;-2.618;1.012
26/10/2012;USDRUB;-72.8;39.2
26/10/2012;USDSEK;-2.574;1.455
26/10/2012;USDSGD;-0.078;-0.193
30/11/2012;AUDCAD;0.267428571;-0.641571429
30/11/2012;AUDCHF;0.508571429;-0.861428571
30/11/2012;AUDJPY;0.439285714;-0.751285714
30/11/2012;AUDNZD;-0.073;-0.101285714
30/11/2012;AUDUSD;0.710571429;-0.885142857
30/11/2012;CADJPY;0.093285714;-0.325142857
30/11/2012;CHFJPY;-0.133;-0.112428571
30/11/2012;EURAUD;-1.059428571;0.613428571
30/11/2012;EURCAD;-0.412142857;0.163
30/11/2012;EURCHF;-0.104857143;-0.13
30/11/2012;EURCZK;-0.221;-0.199
30/11/2012;EURDKK;-0.938571429;-1.133428571
30/11/2012;EURGBP;-0.149;0.014714286
30/11/2012;EURJPY;-0.075428571;-0.102714286
30/11/2012;EURNOK;-3.499;0.847714286
30/11/2012;EURNZD;-1.209857143;0.863571429
30/11/2012;EURRUB;-93.97142857;50.6
30/11/2012;EURSEK;-4.265142857;1.869
30/11/2012;EURSGD;-0.413571429;-0.069142857
30/11/2012;EURUSD;-0.122571429;-0.093
30/11/2012;EURZAR;-17.63042857;13.56985714
30/11/2012;GBPAUD;-1.141285714;0.596142857
30/11/2012;GBPCAD;-0.431714286;0.083857143
30/11/2012;GBPCHF;0.062714286;-0.390857143
30/11/2012;GBPJPY;0.040571429;-0.257857143
30/11/2012;GBPNZD;-1.285;0.597857143
30/11/2012;GBPSEK;-3.556571429;0.920714286
30/11/2012;GBPUSD;-0.033428571;-0.274
30/11/2012;GOLD;-5.9;-1.9
30/11/2012;NOKSEK;-0.049;-0.375
30/11/2012;NZDCAD;0.168714286;-0.488428571
30/11/2012;NZDCHF;0.341142857;-0.599714286
30/11/2012;NZDJPY;0.312285714;-0.578571429
30/11/2012;NZDSGD;0.465428571;-0.859571429
30/11/2012;NZDUSD;0.358857143;-0.635285714
30/11/2012;SILVER;-1.3;-0.4
30/11/2012;USDCAD;-0.335;0.004428571
30/11/2012;USDCHF;-0.044142857;-0.137142857
30/11/2012;USDCZK;-2.150571429;-0.230285714
30/11/2012;USDDKK;-0.338285714;-0.943142857
30/11/2012;USDHUF;-3.485571429;2.999571429
30/11/2012;USDJPY;-0.048857143;-0.134714286
30/11/2012;USDNOK;-2.641;1.063428571
30/11/2012;USDRUB;-68.34285714;36.8
30/11/2012;USDSEK;-2.666142857;1.554142857
30/11/2012;USDSGD;-0.068428571;-0.202714286
28/12/2012;AUDCAD;0.144;-0.517
28/12/2012;AUDCHF;0.394;-0.737
28/12/2012;AUDJPY;0.365;-0.688
28/12/2012;AUDNZD;-0.175;0
28/12/2012;AUDUSD;0.588;-0.762
28/12/2012;CADJPY;0.113;-0.353
28/12/2012;CHFJPY;-0.136;-0.125
28/12/2012;EURAUD;-0.969;0.511
28/12/2012;EURCAD;-0.456;0.2
28/12/2012;EURCHF;-0.121;-0.114
28/12/2012;EURCZK;-0.244;-0.174
28/12/2012;EURDKK;-0.953;-1.119
28/12/2012;EURGBP;-0.164;0.027
28/12/2012;EURJPY;-0.088;-0.101
28/12/2012;EURNOK;-3.581;0.921
28/12/2012;EURNZD;-1.225;0.869
28/12/2012;EURRUB;-93.6;50.4
28/12/2012;EURSEK;-3.929;1.548
28/12/2012;EURSGD;-0.434;-0.058
28/12/2012;EURUSD;-0.15;-0.07
28/12/2012;EURZAR;-16.955;12.911
28/12/2012;GBPAUD;-0.99;0.438
28/12/2012;GBPCAD;-0.453;0.101
28/12/2012;GBPCHF;0.065;-0.388
28/12/2012;GBPJPY;0.053;-0.281
28/12/2012;GBPNZD;-1.251;0.553
28/12/2012;GBPSEK;-2.958;0.373
28/12/2012;GBPUSD;-0.04;-0.269
28/12/2012;GOLD;-5.9;-1.9
28/12/2012;NZDCAD;0.136;-0.454
28/12/2012;NZDCHF;0.312;-0.563
28/12/2012;NZDJPY;0.308;-0.583
28/12/2012;NZDSGD;0.441;-0.832
28/12/2012;NZDUSD;0.329;-0.603
28/12/2012;SILVER;-1.3;-0.4
28/12/2012;USDCAD;-0.343;0.011
28/12/2012;USDCHF;-0.038;-0.14
28/12/2012;USDCZK;-2.085;-0.243
28/12/2012;USDDKK;-0.236;-1.022
28/12/2012;USDHUF;-2.722;2.231
28/12/2012;USDJPY;-0.041;-0.151
28/12/2012;USDNOK;-2.545;0.993
28/12/2012;USDRUB;-70.2;37.8
28/12/2012;USDSEK;-2.239;1.156
28/12/2012;USDSGD;-0.054;-0.217
01/02/2013;AUDCAD;0.317;-0.691
01/02/2013;AUDCHF;0.561;-0.9
01/02/2013;AUDJPY;0.547;-0.893
01/02/2013;AUDNZD;-0.069;-0.103
01/02/2013;AUDUSD;0.561;-0.951
01/02/2013;CADJPY;0.118;-0.374
01/02/2013;CHFJPY;-0.167;-0.116
01/02/2013;EURAUD;-1.233;0.757
01/02/2013;EURCAD;-0.482;0.216
01/02/2013;EURCHF;-0.11;-0.131
01/02/2013;EURCZK;-0.243;-0.185
01/02/2013;EURDKK;-0.974;-1.098
01/02/2013;EURGBP;-0.175;0.031
01/02/2013;EURJPY;-0.109;-0.102
01/02/2013;EURNOK;-3.657;0.971
01/02/2013;EURNZD;-1.386;1.025
01/02/2013;EURRUB;-94.9;51.1
01/02/2013;EURSEK;-3.705;1.315
01/02/2013;EURSGD;-0.466;-0.052
01/02/2013;EURUSD;-0.14;-0.087
01/02/2013;EURZAR;-22.046;17.617
01/02/2013;GBPAUD;-1.227;0.685
01/02/2013;GBPCAD;-0.45;0.104
01/02/2013;GBPCHF;0.082;-0.396
01/02/2013;GBPJPY;0.048;-0.288
01/02/2013;GBPNZD;-1.36;0.69
01/02/2013;GBPSEK;-2.511;0.055
01/02/2013;GBPUSD;-0.017;-0.286
01/02/2013;GOLD;-5.9;-1.9
01/02/2013;NZDCAD;0.21;-0.537
01/02/2013;NZDCHF;0.391;-0.644
01/02/2013;NZDJPY;0.4;-0.702
01/02/2013;NZDSGD;0.544;-0.95
01/02/2013;NZDUSD;0.42;-0.7
01/02/2013;SILVER;-1.3;-0.4
01/02/2013;USDCAD;-0.361;0.028
01/02/2013;USDCHF;-0.038;-0.138
01/02/2013;USDCZK;-2.072;-0.224
01/02/2013;USDDKK;-0.303;-0.91
01/02/2013;USDHUF;-3.328;2.852
01/02/2013;USDJPY;-0.061;-0.143
01/02/2013;USDNOK;-2.57;1.058
01/02/2013;USDRUB;-68.9;37.1
01/02/2013;USDSEK;-2.064;1.015
01/02/2013;USDSGD;-0.076;-0.2
01/03/2013;AUDCAD;0.129;-0.508
01/03/2013;AUDCHF;0.392;-0.739
01/03/2013;AUDJPY;0.353;-0.7
01/03/2013;AUDNZD;-0.274;0.103
01/03/2013;AUDUSD;0.576;-0.748
01/03/2013;CADJPY;0.097;-0.351
01/03/2013;CHFJPY;-0.181;-0.097
01/03/2013;EURAUD;-0.952;0.49
01/03/2013;EURCAD;-0.464;0.202
01/03/2013;EURCHF;-0.106;-0.133
01/03/2013;EURCZK;-0.276;-0.149
01/03/2013;EURDKK;-0.787;-1.285
01/03/2013;EURGBP;-0.178;0.034
01/03/2013;EURJPY;-0.123;-0.082
01/03/2013;EURNOK;-3.597;0.894
01/03/2013;EURNZD;-1.304;0.954
01/03/2013;EURRUB;-88.4;47.6
01/03/2013;EURSEK;-3.717;1.365
01/03/2013;EURSGD;-0.503;0.003
01/03/2013;EURUSD;-0.136;-0.084
01/03/2013;EURZAR;-20.12;15.888
01/03/2013;GBPAUD;-0.907;0.381
01/03/2013;GBPCAD;-0.426;0.085
01/03/2013;GBPCHF;0.089;-0.401
01/03/2013;GBPJPY;0.031;-0.265
01/03/2013;GBPNZD;-1.266;0.618
01/03/2013;GBPSEK;-2.52;0.107
01/03/2013;GBPUSD;-0.013;-0.28
01/03/2013;GOLD;-5.9;-1.9
01/03/2013;NZDCAD;0.199;-0.531
01/03/2013;NZDCHF;0.383;-0.643
01/03/2013;NZDJPY;0.373;-0.677
01/03/2013;NZDSGD;0.482;-0.885
01/03/2013;NZDUSD;0.398;-0.677
01/03/2013;SILVER;-1.3;-0.4
01/03/2013;USDCAD;-0.36;0.02
01/03/2013;USDCHF;-0.036;-0.145
01/03/2013;USDCZK;-2.153;-0.204
01/03/2013;USDDKK;-0.173;-1.082
01/03/2013;USDHUF;-3.486;2.993
01/03/2013;USDJPY;-0.075;-0.132
01/03/2013;USDNOK;-2.613;1.039
01/03/2013;USDRUB;-70.2;37.8
01/03/2013;USDSEK;-2.155;1.087
01/03/2013;USDSGD;-0.116;-0.159
29/03/2013;AUDCAD;0.268;-0.65
29/03/2013;AUDCHF;0.51;-0.867
29/03/2013;AUDJPY;0.481;-0.835
29/03/2013;AUDNZD;-0.045;-0.128
29/03/2013;AUDUSD;0.697;-0.87
29/03/2013;CADJPY;0.092;-0.349
29/03/2013;CHFJPY;-0.162;-0.113
29/03/2013;EURAUD;-1.053;0.609
29/03/2013;EURCAD;-0.424;0.17
29/03/2013;EURCHF;-0.108;-0.128
29/03/2013;EURCZK;-0.158;-0.272
29/03/2013;EURDKK;-0.87;-1.201
29/03/2013;EURGBP;-0.159;0.019
29/03/2013;EURJPY;-0.104;-0.097
29/03/2013;EURNOK;-3.556;0.853
29/03/2013;EURNZD;-1.154;0.813
29/03/2013;EURRUB;-85.8;46.2
29/03/2013;EURSEK;-3.739;1.416
29/03/2013;EURSGD;-0.455;-0.031
29/03/2013;EURUSD;-0.132;-0.082
29/03/2013;EURZAR;-20.572;16.3
29/03/2013;GBPAUD;-1.08;0.56
29/03/2013;GBPCAD;-0.419;0.08
29/03/2013;GBPCHF;0.063;-0.379
29/03/2013;GBPJPY;0.027;-0.263
29/03/2013;GBPNZD;-1.16;0.513
29/03/2013;GBPSEK;-2.797;0.353
29/03/2013;GBPUSD;-0.037;-0.254
29/03/2013;GOLD;-5.9;-1.9
29/03/2013;NZDCAD;0.151;-0.482
29/03/2013;NZDCHF;0.328;-0.593
29/03/2013;NZDJPY;0.328;-0.633
29/03/2013;NZDSGD;0.426;-0.83
29/03/2013;NZDUSD;0.334;-0.613
29/03/2013;SILVER;-1.3;-0.4
29/03/2013;USDCAD;-0.339;0
29/03/2013;USDCHF;-0.04;-0.145
29/03/2013;USDCZK;-2.15;-0.307
29/03/2013;USDDKK;-0.242;-1.05
29/03/2013;USDHUF;-2.958;2.431
29/03/2013;USDJPY;-0.063;-0.146
29/03/2013;USDNOK;-2.66;1.038
29/03/2013;USDRUB;-68.9;37.1
29/03/2013;USDSEK;-2.246;1.159
29/03/2013;USDSGD;-0.09;-0.186
26/04/2013;AUDCAD;0.279;-0.658
26/04/2013;AUDCHF;0.498;-0.849
26/04/2013;AUDJPY;0.482;-0.848
26/04/2013;AUDNZD;-0.148;-0.02
26/04/2013;AUDUSD;0.668;-0.839
26/04/2013;CADJPY;0.067;-0.336
26/04/2013;CHFJPY;-0.186;-0.105
26/04/2013;EURAUD;-1.093;0.636
26/04/2013;EURCAD;-0.423;0.166
26/04/2013;EURCHF;-0.123;-0.116
26/04/2013;EURCZK;-0.236;-0.193
26/04/2013;EURDKK;-0.953;-1.118
26/04/2013;EURGBP;-0.171;0.03
26/04/2013;EURJPY;-0.143;-0.071
26/04/2013;EURNOK;-3.706;0.953
26/04/2013;EURNZD;-1.295;0.955
26/04/2013;EURRUB;-94.9;51.1
26/04/2013;EURSEK;-3.687;1.308
26/04/2013;EURSGD;-0.434;-0.058
26/04/2013;EURUSD;-0.17;-0.047
26/04/2013;EURZAR;-19.927;15.645
26/04/2013;GBPAUD;-1.104;0.568
26/04/2013;GBPCAD;-0.397;0.052
26/04/2013;GBPCHF;0.068;-0.388
26/04/2013;GBPJPY;0.013;-0.263
26/04/2013;GBPNZD;-1.303;0.656
26/04/2013;GBPSEK;-2.566;0.056
26/04/2013;GBPUSD;-0.059;-0.237
26/04/2013;GOLD;-5.9;-1.9
26/04/2013;NZDCAD;0.241;-0.578
26/04/2013;NZDCHF;0.399;-0.667
26/04/2013;NZDJPY;0.408;-0.735
26/04/2013;NZDSGD;0.55;-0.959
26/04/2013;NZDUSD;0.397;-0.681
26/04/2013;SILVER;-1.3;-0.4
26/04/2013;USDCAD;-0.306;-0.034
26/04/2013;USDCHF;-0.024;-0.16
26/04/2013;USDCZK;-2.125;-0.297
26/04/2013;USDDKK;-0.143;-1.131
26/04/2013;USDHUF;-3.786;3.271
26/04/2013;USDJPY;-0.063;-0.156
26/04/2013;USDNOK;-2.573;0.944
26/04/2013;USDRUB;-72.8;39.2
26/04/2013;USDSEK;-1.975;0.878
26/04/2013;USDSGD;-0.034;-0.241
31/05/2013;AUDCAD;0.152;-0.51
31/05/2013;AUDCHF;0.392;-0.722
31/05/2013;AUDJPY;0.42;-0.769
31/05/2013;AUDNZD;-0.133;-0.033
31/05/2013;AUDUSD;0.603;-0.763
31/05/2013;CADJPY;0.14;-0.41
31/05/2013;CHFJPY;-0.137;-0.155
31/05/2013;EURAUD;-1.042;0.553
31/05/2013;EURCAD;-0.455;0.194
31/05/2013;EURCHF;-0.114;-0.127
31/05/2013;EURCZK;-0.111;-0.318
31/05/2013;EURDKK;-0.683;-1.387
31/05/2013;EURGBP;-0.138;-0.005
31/05/2013;EURJPY;-0.073;-0.145
31/05/2013;EURNOK;-3.321;0.571
31/05/2013;EURNZD;-1.206;0.845
31/05/2013;EURRUB;-94.9;51.1
31/05/2013;EURSEK;-3.626;1.24
31/05/2013;EURSGD;-0.419;-0.082
31/05/2013;EURUSD;-0.076;-0.141
31/05/2013;EURZAR;-23.542;18.775
31/05/2013;GBPAUD;-1.081;0.517
31/05/2013;GBPCAD;-0.491;0.147
31/05/2013;GBPCHF;0.02;-0.338
31/05/2013;GBPJPY;0.034;-0.285
31/05/2013;GBPNZD;-1.247;0.568
31/05/2013;GBPSEK;-2.865;0.386
31/05/2013;GBPUSD;-0.013;-0.28
31/05/2013;GOLD;-5.9;-1.9
31/05/2013;NZDCAD;0.126;-0.447
31/05/2013;NZDCHF;0.305;-0.559
31/05/2013;NZDJPY;0.35;-0.662
31/05/2013;NZDSGD;0.434;-0.826
31/05/2013;NZDUSD;0.346;-0.613
31/05/2013;SILVER;-1.3;-0.4
31/05/2013;USDCAD;-0.405;0.06
31/05/2013;USDCHF;-0.085;-0.101
31/05/2013;USDCZK;-2.164;-0.25
31/05/2013;USDDKK;-0.35;-0.923
31/05/2013;USDHUF;-2.409;1.903
31/05/2013;USDJPY;-0.081;-0.142
31/05/2013;USDNOK;-2.7;1.073
31/05/2013;USDRUB;-70.2;37.8
31/05/2013;USDSEK;-2.402;1.302
31/05/2013;USDSGD;-0.109;-0.172
28/06/2013;AUDCAD;0.188;-0.538
28/06/2013;AUDCHF;0.422;-0.737
28/06/2013;AUDJPY;0.407;-0.737
28/06/2013;AUDNZD;-0.165;0
28/06/2013;AUDUSD;0.588;-0.742
28/06/2013;CADJPY;0.105;-0.368
28/06/2013;CHFJPY;-0.186;-0.105
28/06/2013;EURAUD;-1.1;0.589
28/06/2013;EURCAD;-0.418;0.152
28/06/2013;EURCHF;-0.055;-0.185
28/06/2013;EURCZK;-0.079;-0.353
28/06/2013;EURDKK;-0.622;-1.45
28/06/2013;EURGBP;-0.129;-0.014
28/06/2013;EURJPY;-0.072;-0.144
28/06/2013;EURNOK;-3.504;0.657
28/06/2013;EURNZD;-1.303;0.931
28/06/2013;EURRUB;-93.6;50.4
28/06/2013;EURSEK;-3.539;1.098
28/06/2013;EURSGD;-0.354;-0.152
28/06/2013;EURUSD;-0.076;-0.142
28/06/2013;EURZAR;-22.317;17.6
28/06/2013;GBPAUD;-1.157;0.569
28/06/2013;GBPCAD;-0.464;0.114
28/06/2013;GBPCHF;0.071;-0.386
28/06/2013;GBPJPY;0.017;-0.265
28/06/2013;GBPNZD;-1.37;0.674
28/06/2013;GBPSEK;-2.836;0.309
28/06/2013;GBPUSD;-0.029;-0.263
28/06/2013;GOLD;-5.9;-1.9
28/06/2013;NZDCAD;0.182;-0.499
28/06/2013;NZDCHF;0.356;-0.601
28/06/2013;NZDJPY;0.365;-0.665
28/06/2013;NZDSGD;0.501;-0.884
28/06/2013;NZDUSD;0.366;-0.626
28/06/2013;SILVER;-1.3;-0.4
28/06/2013;USDCAD;-0.376;0.026
28/06/2013;USDCHF;-0.039;-0.144
28/06/2013;USDCZK;-2.149;-0.275
28/06/2013;USDDKK;-0.301;-0.967
28/06/2013;USDHUF;-2.348;1.846
28/06/2013;USDJPY;-0.08;-0.14
28/06/2013;USDNOK;-2.832;1.156
28/06/2013;USDRUB;-66.3;35.7
28/06/2013;USDSEK;-2.316;1.196
28/06/2013;USDSGD;-0.056;-0.225
26/07/2013;AUDCAD;0.159;-0.503
26/07/2013;AUDCHF;0.406;-0.717
26/07/2013;AUDJPY;0.381;-0.71
26/07/2013;AUDNZD;-0.239;0.08
26/07/2013;AUDUSD;0.566;-0.721
26/07/2013;CADJPY;0.107;-0.373
26/07/2013;CHFJPY;-0.206;-0.088
26/07/2013;EURAUD;-1.137;0.62
26/07/2013;EURCAD;-0.477;0.212
26/07/2013;EURCHF;-0.089;-0.151
26/07/2013;EURCZK;-0.18;-0.252
26/07/2013;EURDKK;-0.538;-1.533
26/07/2013;EURGBP;-0.165;0.022
26/07/2013;EURJPY;-0.131;-0.087
26/07/2013;EURNOK;-3.732;0.895
26/07/2013;EURNZD;-1.42;1.055
26/07/2013;EURRUB;-98.8;53.2
26/07/2013;EURSEK;-3.609;1.219
26/07/2013;EURSGD;-0.433;-0.079
26/07/2013;EURUSD;-0.133;-0.088
26/07/2013;EURZAR;-21.872;17.219
26/07/2013;GBPAUD;-1.125;0.533
26/07/2013;GBPCAD;-0.464;0.117
26/07/2013;GBPCHF;0.09;-0.404
26/07/2013;GBPJPY;0.012;-0.262
26/07/2013;GBPNZD;-1.422;0.742
26/07/2013;GBPSEK;-2.519;0.055
26/07/2013;GBPUSD;-0.03;-0.266
26/07/2013;GOLD;-5.9;-1.9
26/07/2013;NZDCAD;0.219;-0.541
26/07/2013;NZDCHF;0.406;-0.655
26/07/2013;NZDJPY;0.409;-0.718
26/07/2013;NZDSGD;0.561;-0.957
26/07/2013;NZDUSD;0.415;-0.684
26/07/2013;SILVER;-1.3;-0.4
26/07/2013;USDCAD;-0.371;0.029
26/07/2013;USDCHF;-0.026;-0.155
26/07/2013;USDCZK;-2.111;-0.277
26/07/2013;USDDKK;0;-1.248
26/07/2013;USDHUF;-2.151;1.655
26/07/2013;USDJPY;-0.082;-0.137
26/07/2013;USDNOK;-2.713;1.069
26/07/2013;USDRUB;-75.4;40.6
26/07/2013;USDSEK;-2.071;0.99
26/07/2013;USDSGD;-0.06;-0.221
30/08/2013;AUDCAD;0.104;-0.444
30/08/2013;AUDCHF;0.321;-0.621
30/08/2013;AUDJPY;0.336;-0.653
30/08/2013;AUDNZD;-0.223;0.064
30/08/2013;AUDUSD;0.484;-0.633
30/08/2013;CADJPY;0.124;-0.384
30/08/2013;CHFJPY;-0.15;-0.144
30/08/2013;EURAUD;-1.07;0.535
30/08/2013;EURCAD;-0.465;0.194
30/08/2013;EURCHF;-0.106;-0.133
30/08/2013;EURCZK;-0.214;-0.214
30/08/2013;EURDKK;-0.849;-1.222
30/08/2013;EURGBP;-0.159;0.017
30/08/2013;EURJPY;-0.08;-0.137
30/08/2013;EURNOK;-3.596;0.674
30/08/2013;EURNZD;-1.325;0.947
30/08/2013;EURRUB;-100.1;53.9
30/08/2013;EURSEK;-3.646;1.215
30/08/2013;EURSGD;-0.431;-0.084
30/08/2013;EURUSD;-0.129;-0.092
30/08/2013;EURZAR;-26.184;21.251
30/08/2013;GBPAUD;-1.06;0.442
30/08/2013;GBPCAD;-0.46;0.103
30/08/2013;GBPCHF;0.063;-0.379
30/08/2013;GBPJPY;0.063;-0.313
30/08/2013;GBPNZD;-1.328;0.617
30/08/2013;GBPSEK;-2.611;0.084
30/08/2013;GBPUSD;-0.034;-0.263
30/08/2013;GOLD;-5.9;-1.9
30/08/2013;NZDCAD;0.159;-0.477
30/08/2013;NZDCHF;0.319;-0.56
30/08/2013;NZDJPY;0.356;-0.653
30/08/2013;NZDSGD;0.462;-0.847
30/08/2013;NZDUSD;0.334;-0.593
30/08/2013;SILVER;-1.3;-0.4
30/08/2013;USDCAD;-0.365;0.015
30/08/2013;USDCHF;-0.041;-0.14
30/08/2013;USDCZK;-2.131;-0.243
30/08/2013;USDDKK;-0.25;-1.001
30/08/2013;USDHUF;-2.176;1.672
30/08/2013;USDJPY;-0.046;-0.172
30/08/2013;USDNOK;-2.63;0.933
30/08/2013;USDRUB;-76.7;41.3
30/08/2013;USDSEK;-2.111;1.009
30/08/2013;USDSGD;-0.06;-0.223
27/09/2013;AUDCAD;0.133;-0.48
27/09/2013;AUDCHF;0.337;-0.641
27/09/2013;AUDJPY;0.362;-0.693
27/09/2013;AUDNZD;-0.172;0.016
27/09/2013;AUDUSD;0.53;-0.685
27/09/2013;CADJPY;0.111;-0.376
27/09/2013;CHFJPY;-0.157;-0.145
27/09/2013;EURAUD;-1.085;0.561
27/09/2013;EURCAD;-0.461;0.19
27/09/2013;EURCHF;-0.119;-0.119
27/09/2013;EURCZK;-0.235;-0.192
27/09/2013;EURDKK;-0.932;-1.139
27/09/2013;EURGBP;-0.159;0.019
27/09/2013;EURJPY;-0.1;-0.122
27/09/2013;EURNOK;-3.915;0.99
27/09/2013;EURNZD;-1.244;0.881
27/09/2013;EURRUB;-100.1;53.9
27/09/2013;EURSEK;-3.591;1.181
27/09/2013;EURSGD;-0.452;-0.066
27/09/2013;EURUSD;-0.128;-0.098
27/09/2013;EURZAR;-23.38;18.43
27/09/2013;GBPAUD;-1.094;0.478
27/09/2013;GBPCAD;-0.46;0.096
27/09/2013;GBPCHF;0.052;-0.371
27/09/2013;GBPJPY;0.048;-0.308
27/09/2013;GBPNZD;-1.258;0.565
27/09/2013;GBPSEK;-2.576;0.028
27/09/2013;GBPUSD;-0.026;-0.282
27/09/2013;GOLD;-5.9;-1.9
27/09/2013;NZDCAD;0.154;-0.486
27/09/2013;NZDCHF;0.31;-0.559
27/09/2013;NZDJPY;0.355;-0.672
27/09/2013;NZDSGD;0.455;-0.858
27/09/2013;NZDUSD;0.345;-0.62
27/09/2013;SILVER;-1.3;-0.4
27/09/2013;USDCAD;-0.358;0.014
27/09/2013;USDCHF;-0.053;-0.123
27/09/2013;USDCZK;-2.104;-0.216
27/09/2013;USDDKK;-0.322;-0.904
27/09/2013;USDHUF;-1.846;1.353
27/09/2013;USDJPY;-0.063;-0.156
27/09/2013;USDNOK;-2.829;1.165
27/09/2013;USDRUB;-72.8;39.2
27/09/2013;USDSEK;-2.05;0.98
27/09/2013;USDSGD;-0.077;-0.202
01/11/2013;AUDCAD;0.096;-0.453
01/11/2013;AUDCHF;0.333;-0.645
01/11/2013;AUDJPY;0.344;-0.681
01/11/2013;AUDNZD;-0.175;0.016
01/11/2013;AUDUSD;0.514;-0.672
01/11/2013;CADJPY;0.126;-0.388
01/11/2013;CHFJPY;-0.168;-0.132
01/11/2013;EURAUD;-1.013;0.499
01/11/2013;EURCAD;-0.473;0.199
01/11/2013;EURCHF;-0.092;-0.147
01/11/2013;EURCZK;-0.187;-0.244
01/11/2013;EURDKK;-0.766;-1.305
01/11/2013;EURGBP;-0.143;0.002
01/11/2013;EURJPY;-0.085;-0.137
01/11/2013;EURNOK;-3.707;0.804
01/11/2013;EURNZD;-1.184;0.821
01/11/2013;EURRUB;-100.1;53.9
01/11/2013;EURSEK;-3.571;1.125
01/11/2013;EURSGD;-0.41;-0.103
01/11/2013;EURUSD;-0.116;-0.109
01/11/2013;EURZAR;-23.185;18.252
01/11/2013;GBPAUD;-1.037;0.438
01/11/2013;GBPCAD;-0.501;0.137
01/11/2013;GBPCHF;0.056;-0.374
01/11/2013;GBPJPY;0.034;-0.292
01/11/2013;GBPNZD;-1.214;0.528
01/11/2013;GBPSEK;-2.706;0.142
01/11/2013;GBPUSD;-0.044;-0.262
01/11/2013;GOLD;-5.9;-1.9
01/11/2013;NZDCAD;0.12;-0.455
01/11/2013;NZDCHF;0.301;-0.552
01/11/2013;NZDJPY;0.335;-0.651
01/11/2013;NZDSGD;0.437;-0.836
01/11/2013;NZDUSD;0.322;-0.598
01/11/2013;SILVER;-1.3;-0.4
01/11/2013;USDCAD;-0.376;0.029
01/11/2013;USDCHF;-0.04;-0.136
01/11/2013;USDCZK;-2.096;-0.239
01/11/2013;USDDKK;-0.245;-0.981
01/11/2013;USDHUF;-1.765;1.278
01/11/2013;USDJPY;-0.06;-0.158
01/11/2013;USDNOK;-2.725;1.074
01/11/2013;USDRUB;-74.1;39.9
01/11/2013;USDSEK;-2.08;0.995
01/11/2013;USDSGD;-0.059;-0.217
29/11/2013;AUDCAD;0.091;-0.439
29/11/2013;AUDCHF;0.322;-0.619
29/11/2013;AUDJPY;0.342;-0.678
29/11/2013;AUDNZD;-0.18;0.025
29/11/2013;AUDUSD;0.506;-0.658
29/11/2013;CADJPY;0.129;-0.397
29/11/2013;CHFJPY;-0.186;-0.129
29/11/2013;EURAUD;-1.026;0.486
29/11/2013;EURCAD;-0.452;0.172
29/11/2013;EURCHF;-0.055;-0.184
29/11/2013;EURCZK;-0.099;-0.357
29/11/2013;EURDKK;-0.622;-1.45
29/11/2013;EURGBP;-0.123;-0.016
29/11/2013;EURJPY;-0.058;-0.174
29/11/2013;EURNOK;-3.707;0.695
29/11/2013;EURNZD;-1.184;0.813
29/11/2013;EURRUB;-97.5;52.5
29/11/2013;EURSEK;-3.194;0.718
29/11/2013;EURSGD;-0.408;-0.114
29/11/2013;EURUSD;-0.064;-0.163
29/11/2013;EURZAR;-23.511;18.501
29/11/2013;GBPAUD;-1.101;0.462
29/11/2013;GBPCAD;-0.521;0.142
29/11/2013;GBPCHF;0.069;-0.392
29/11/2013;GBPJPY;0.037;-0.312
29/11/2013;GBPNZD;-1.275;0.56
29/11/2013;GBPSEK;-2.522;-0.117
29/11/2013;GBPUSD;-0.018;-0.296
29/11/2013;GOLD;-5.9;-1.9
29/11/2013;NZDCAD;0.124;-0.46
29/11/2013;NZDCHF;0.304;-0.549
29/11/2013;NZDJPY;0.347;-0.671
29/11/2013;NZDSGD;0.423;-0.82
29/11/2013;NZDUSD;0.335;-0.606
29/11/2013;SILVER;-1.3;-0.4
29/11/2013;USDCAD;-0.4;0.047
29/11/2013;USDCHF;-0.048;-0.128
29/11/2013;USDCZK;-2.212;-0.246
29/11/2013;USDDKK;-0.35;-0.867
29/11/2013;USDHUF;-1.799;1.308
29/11/2013;USDJPY;-0.08;-0.148
29/11/2013;USDNOK;-2.944;1.242
29/11/2013;USDRUB;-76.7;41.3
29/11/2013;USDSEK;-2.036;0.945
29/11/2013;USDSGD;-0.101;-0.178
27/12/2013;AUDCAD;0.098;-0.44
27/12/2013;AUDCHF;0.287;-0.573
27/12/2013;AUDJPY;0.322;-0.659
27/12/2013;AUDNZD;-0.206;0.054
27/12/2013;AUDUSD;0.463;-0.612
27/12/2013;CADJPY;0.101;-0.374
27/12/2013;CHFJPY;-0.187;-0.141
27/12/2013;EURAUD;-1.05;0.49
27/12/2013;EURCAD;-0.437;0.151
27/12/2013;EURCHF;-0.078;-0.16
27/12/2013;EURCZK;-0.145;-0.313
27/12/2013;EURDKK;-0.684;-1.388
27/12/2013;EURGBP;-0.13;-0.009
27/12/2013;EURJPY;-0.08;-0.161
27/12/2013;EURNOK;-3.799;0.75
27/12/2013;EURNZD;-1.229;0.854
27/12/2013;EURRUB;-104;56
27/12/2013;EURSEK;-2.965;0.473
27/12/2013;EURSGD;-0.413;-0.122
27/12/2013;EURUSD;-0.104;-0.127
27/12/2013;EURZAR;-24.648;19.455
27/12/2013;GBPAUD;-1.106;0.446
27/12/2013;GBPCAD;-0.486;0.101
27/12/2013;GBPCHF;0.052;-0.373
27/12/2013;GBPJPY;0.028;-0.313
27/12/2013;GBPNZD;-1.304;0.586
27/12/2013;GBPSEK;-2.144;-0.499
27/12/2013;GBPUSD;-0.05;-0.267
27/12/2013;GOLD;-5.9;-1.9
27/12/2013;NZDCAD;0.157;-0.496
27/12/2013;NZDCHF;0.3;-0.541
27/12/2013;NZDJPY;0.362;-0.695
27/12/2013;NZDSGD;0.452;-0.854
27/12/2013;NZDUSD;0.329;-0.602
27/12/2013;SILVER;-1.3;-0.4
27/12/2013;USDCAD;-0.355;0
27/12/2013;USDCHF;-0.039;-0.133
27/12/2013;USDCZK;-2.165;-0.265
27/12/2013;USDDKK;-0.24;-0.96
27/12/2013;USDHUF;-1.578;1.102
27/12/2013;USDJPY;-0.067;-0.166
27/12/2013;USDNOK;-2.801;1.103
27/12/2013;USDRUB;-74.1;39.9
27/12/2013;USDSEK;-1.659;0.577
27/12/2013;USDSGD;-0.063;-0.218
31/01/2014;AUDCAD;0.163;-0.515
31/01/2014;AUDCHF;0.342;-0.626
31/01/2014;AUDJPY;0.372;-0.695
31/01/2014;AUDNZD;-0.08;-0.069
31/01/2014;AUDUSD;0.519;-0.664
31/01/2014;CADJPY;0.102;-0.356
31/01/2014;CHFJPY;-0.176;-0.138
31/01/2014;EURAUD;-1.137;0.577
31/01/2014;EURCAD;-0.437;0.143
31/01/2014;EURCHF;-0.061;-0.177
31/01/2014;EURCZK;-0.114;-0.343
31/01/2014;EURDKK;-0.58;-1.492
31/01/2014;EURGBP;-0.119;-0.018
31/01/2014;EURJPY;-0.054;-0.177
31/01/2014;EURNOK;-3.704;0.637
31/01/2014;EURNZD;-1.113;0.744
31/01/2014;EURRUB;-106.6;57.4
31/01/2014;EURSEK;-2.632;0.172
31/01/2014;EURSGD;-0.384;-0.144
31/01/2014;EURUSD;-0.075;-0.15
31/01/2014;EURZAR;-25.594;20.067
31/01/2014;GBPAUD;-1.25;0.578
31/01/2014;GBPCAD;-0.514;0.111
31/01/2014;GBPCHF;0.057;-0.383
31/01/2014;GBPJPY;0.037;-0.314
31/01/2014;GBPNZD;-1.213;0.493
31/01/2014;GBPSEK;-1.918;-0.738
31/01/2014;GBPUSD;-0.036;-0.279
31/01/2014;GOLD;-5.9;-1.9
31/01/2014;NZDCAD;0.119;-0.473
31/01/2014;NZDCHF;0.272;-0.517
31/01/2014;NZDJPY;0.317;-0.641
31/01/2014;NZDSGD;0.407;-0.811
31/01/2014;NZDUSD;0.296;-0.567
31/01/2014;SILVER;-1.3;-0.4
31/01/2014;USDCAD;-0.385;0.012
31/01/2014;USDCHF;-0.045;-0.131
31/01/2014;USDCZK;-2.228;-0.254
31/01/2014;USDDKK;-0.276;-0.95
31/01/2014;USDHUF;-1.902;1.39
31/01/2014;USDJPY;-0.068;-0.159
31/01/2014;USDNOK;-2.912;1.168
31/01/2014;USDRUB;-81.9;44.1
31/01/2014;USDSEK;-1.582;0.491
31/01/2014;USDSGD;-0.071;-0.213
28/02/2014;AUDCAD;0.116;-0.476
28/02/2014;AUDCHF;0.342;-0.627
28/02/2014;AUDJPY;0.372;-0.702
28/02/2014;AUDNZD;-0.192;0.044
28/02/2014;AUDUSD;0.53;-0.679
28/02/2014;CADJPY;0.14;-0.394
28/02/2014;CHFJPY;-0.189;-0.132
28/02/2014;EURAUD;-1.121;0.565
28/02/2014;EURCAD;-0.512;0.213
28/02/2014;EURCHF;-0.054;-0.182
28/02/2014;EURCZK;-0.099;-0.357
28/02/2014;EURDKK;-0.56;-1.513
28/02/2014;EURGBP;-0.115;-0.023
28/02/2014;EURJPY;-0.059;-0.176
28/02/2014;EURNOK;-3.448;0.46
28/02/2014;EURNZD;-1.262;0.898
28/02/2014;EURRUB;-114.4;61.6
28/02/2014;EURSEK;-2.633;0.172
28/02/2014;EURSGD;-0.374;-0.16
28/02/2014;EURUSD;-0.073;-0.157
28/02/2014;EURZAR;-25.676;20.335
28/02/2014;GBPAUD;-1.237;0.572
28/02/2014;GBPCAD;-0.611;0.204
28/02/2014;GBPCHF;0.056;-0.379
28/02/2014;GBPJPY;0.023;-0.303
28/02/2014;GBPNZD;-1.398;0.691
28/02/2014;GBPSEK;-1.969;-0.676
28/02/2014;GBPUSD;-0.041;-0.279
28/02/2014;GOLD;-5.9;-1.9
28/02/2014;NZDCAD;0.174;-0.538
28/02/2014;NZDCHF;0.352;-0.599
28/02/2014;NZDJPY;0.409;-0.743
28/02/2014;NZDSGD;0.532;-0.946
28/02/2014;NZDUSD;0.392;-0.673
28/02/2014;SILVER;-1.3;-0.4
28/02/2014;USDCAD;-0.436;0.065
28/02/2014;USDCHF;-0.042;-0.13
28/02/2014;USDCZK;-2.167;-0.253
28/02/2014;USDDKK;-0.27;-0.931
28/02/2014;USDHUF;-1.288;0.788
28/02/2014;USDJPY;-0.074;-0.153
28/02/2014;USDNOK;-2.682;1.016
28/02/2014;USDRUB;-81.9;44.1
28/02/2014;USDSEK;-1.569;0.499
28/02/2014;USDSGD;-0.063;-0.218
28/03/2014;AUDCAD;0.17;-0.538
28/03/2014;AUDCHF;0.356;-0.652
28/03/2014;AUDJPY;0.403;-0.745
28/03/2014;AUDNZD;-0.237;0.089
28/03/2014;AUDUSD;0.558;-0.712
28/03/2014;CADJPY;0.111;-0.369
28/03/2014;CHFJPY;-0.17;-0.151
28/03/2014;EURAUD;-1.121;0.585
28/03/2014;EURCAD;-0.471;0.177
28/03/2014;EURCHF;-0.088;-0.149
28/03/2014;EURCZK;-0.16;-0.297
28/03/2014;EURDKK;-0.684;-1.389
28/03/2014;EURGBP;-0.124;-0.014
28/03/2014;EURJPY;-0.074;-0.16
28/03/2014;EURNOK;-3.709;0.733
28/03/2014;EURNZD;-1.327;0.975
28/03/2014;EURRUB;-139.1;74.9
28/03/2014;EURSEK;-2.646;0.173
28/03/2014;EURSGD;-0.404;-0.125
28/03/2014;EURUSD;-0.095;-0.134
28/03/2014;EURZAR;-26.556;21.301
28/03/2014;GBPAUD;-1.22;0.58
28/03/2014;GBPCAD;-0.542;0.14
28/03/2014;GBPCHF;0.032;-0.356
28/03/2014;GBPJPY;0.023;-0.303
28/03/2014;GBPNZD;-1.457;0.775
28/03/2014;GBPSEK;-1.859;-0.797
28/03/2014;GBPUSD;-0.05;-0.269
28/03/2014;GOLD;-5.9;-1.9
28/03/2014;NZDCAD;0.266;-0.638
28/03/2014;NZDCHF;0.398;-0.655
28/03/2014;NZDJPY;0.476;-0.822
28/03/2014;NZDSGD;0.602;-1.028
28/03/2014;NZDUSD;0.451;-0.74
28/03/2014;SILVER;-1.3;-0.4
28/03/2014;USDCAD;-0.389;0.021
28/03/2014;USDCHF;-0.052;-0.121
28/03/2014;USDCZK;-2.194;-0.244
28/03/2014;USDDKK;-0.272;-0.936
28/03/2014;USDHUF;-0.856;0.356
28/03/2014;USDJPY;-0.068;-0.159
28/03/2014;USDNOK;-2.784;1.117
28/03/2014;USDRUB;-101.4;54.6
28/03/2014;USDSEK;-1.477;0.396
28/03/2014;USDSGD;-0.067;-0.214
25/04/2014;AUDCAD;0.165;-0.535
25/04/2014;AUDCHF;0.348;-0.644
25/04/2014;AUDJPY;0.387;-0.729
25/04/2014;AUDNZD;-0.24;0.09
25/04/2014;AUDUSD;0.547;-0.702
25/04/2014;CADJPY;0.1;-0.357
25/04/2014;CHFJPY;-0.18;-0.141
25/04/2014;EURAUD;-1.041;0.504
25/04/2014;EURCAD;-0.398;0.102
25/04/2014;EURCHF;-0.03;-0.207
25/04/2014;EURCZK;-0.03;-0.427
25/04/2014;EURDKK;-0.498;-1.576
25/04/2014;EURGBP;-0.094;-0.043
25/04/2014;EURJPY;-0.02;-0.215
25/04/2014;EURNOK;-3.383;0.391
25/04/2014;EURNZD;-1.261;0.903
25/04/2014;EURRUB;-140.4;75.6
25/04/2014;EURSEK;-2.627;0.101
25/04/2014;EURSGD;-0.333;-0.198
25/04/2014;EURUSD;-0.038;-0.192
25/04/2014;EURZAR;-26.263;20.945
25/04/2014;GBPAUD;-1.194;0.55
25/04/2014;GBPCAD;-0.522;0.117
25/04/2014;GBPCHF;0.049;-0.373
25/04/2014;GBPJPY;0.028;-0.31
25/04/2014;GBPNZD;-1.452;0.755
25/04/2014;GBPSEK;-2.21;-0.515
25/04/2014;GBPUSD;-0.041;-0.281
25/04/2014;GOLD;-5.9;-1.9
25/04/2014;NZDCAD;0.257;-0.625
25/04/2014;NZDCHF;0.385;-0.637
25/04/2014;NZDJPY;0.455;-0.795
25/04/2014;NZDSGD;0.579;-0.998
25/04/2014;NZDUSD;0.434;-0.72
25/04/2014;SILVER;-1.3;-0.4
25/04/2014;USDCAD;-0.379;0.012
25/04/2014;USDCHF;-0.047;-0.125
25/04/2014;USDCZK;-2.171;-0.253
25/04/2014;USDDKK;-0.36;-0.839
25/04/2014;USDHUF;-1.429;0.932
25/04/2014;USDJPY;-0.071;-0.156
25/04/2014;USDNOK;-2.778;1.115
25/04/2014;USDRUB;-101.4;54.6
25/04/2014;USDSEK;-1.716;0.621
25/04/2014;USDSGD;-0.066;-0.213
30/05/2014;AUDCAD;0.168;-0.532
30/05/2014;AUDCHF;0.392;-0.693
30/05/2014;AUDJPY;0.431;-0.773
30/05/2014;AUDNZD;-0.274;0.122
30/05/2014;AUDUSD;0.59;-0.745
30/05/2014;CADJPY;0.141;-0.402
30/05/2014;CHFJPY;-0.173;-0.142
30/05/2014;EURAUD;-1.055;0.528
30/05/2014;EURCAD;-0.409;0.123
30/05/2014;EURCHF;-0.003;-0.234
30/05/2014;EURCZK;0.015;-0.473
30/05/2014;EURDKK;-0.228;-1.845
30/05/2014;EURGBP;-0.072;-0.063
30/05/2014;EURJPY;0.015;-0.246
30/05/2014;EURNOK;-3.167;0.226
30/05/2014;EURNZD;-1.336;0.979
30/05/2014;EURRUB;-141.7;76.3
30/05/2014;EURSEK;-2.398;-0.126
30/05/2014;EURSGD;-0.322;-0.199
30/05/2014;EURUSD;-0.008;-0.219
30/05/2014;EURZAR;-25.066;19.934
30/05/2014;GBPAUD;-1.271;0.63
30/05/2014;GBPCAD;-0.586;0.189
30/05/2014;GBPCHF;0.045;-0.374
30/05/2014;GBPJPY;0.028;-0.308
30/05/2014;GBPNZD;-1.609;0.907
30/05/2014;GBPSEK;-2.235;-0.521
30/05/2014;GBPUSD;-0.046;-0.275
30/05/2014;GOLD;-5.9;-1.9
30/05/2014;NZDCAD;0.281;-0.638
30/05/2014;NZDCHF;0.442;-0.696
30/05/2014;NZDJPY;0.513;-0.848
30/05/2014;NZDSGD;0.626;-1.04
30/05/2014;NZDUSD;0.49;-0.773
30/05/2014;SILVER;-1.3;-0.4
30/05/2014;USDCAD;-0.415;0.054
30/05/2014;USDCHF;-0.047;-0.127
30/05/2014;USDCZK;-2.219;-0.247
30/05/2014;USDDKK;-0.289;-0.929
30/05/2014;USDHUF;-1.16;0.667
30/05/2014;USDJPY;-0.068;-0.158
30/05/2014;USDNOK;-2.792;1.13
30/05/2014;USDRUB;-104;56
30/05/2014;USDSEK;-1.725;0.612
30/05/2014;USDSGD;-0.091;-0.188
27/06/2014;AUDCAD;0.100857143;-0.536
27/06/2014;AUDCHF;0.307428571;-0.716
27/06/2014;AUDJPY;0.318;-0.784
27/06/2014;AUDNZD;-0.476;0.191285714
27/06/2014;AUDUSD;0.490428571;-0.765142857
27/06/2014;CADJPY;0.066428571;-0.454
27/06/2014;CHFJPY;-0.269285714;-0.192142857
27/06/2014;EURAUD;-1.241285714;0.532857143
27/06/2014;EURCAD;-0.654857143;0.189857143
27/06/2014;EURCHF;-0.212142857;-0.178714286
27/06/2014;EURCZK;-0.462857143;-0.343
27/06/2014;EURDKK;-1.701142857;-1.316571429
27/06/2014;EURGBP;-0.198285714;-0.009285714
27/06/2014;EURJPY;-0.228428571;-0.134714286
27/06/2014;EURNOK;-4.649;0.802142857
27/06/2014;EURNZD;-1.681428571;1.187571429
27/06/2014;EURRUB;-136.5;73.5
27/06/2014;EURSEK;-3.822142857;0.349714286
27/06/2014;EURSGD;-0.598285714;-0.080571429
27/06/2014;EURUSD;-0.229142857;-0.127
27/06/2014;EURZAR;-27.93771429;21.28342857
27/06/2014;GBPAUD;-1.299142857;0.475714286
27/06/2014;GBPCAD;-0.671;0.1
27/06/2014;GBPCHF;-0.018;-0.461714286
27/06/2014;GBPJPY;-0.078714286;-0.372285714
27/06/2014;GBPNZD;-1.858857143;0.977142857
27/06/2014;GBPSEK;-2.732285714;-1.263857143
27/06/2014;GBPUSD;-0.131;-0.358714286
27/06/2014;GOLD;-6.614285714;-2.614285714
27/06/2014;NZDCAD;0.323142857;-0.773428571
27/06/2014;NZDCHF;0.488714286;-0.823285714
27/06/2014;NZDJPY;0.593714286;-0.940428571
27/06/2014;NZDSGD;0.680857143;-1.208
27/06/2014;NZDUSD;0.537571429;-0.912142857
27/06/2014;SILVER;-1.657142857;-0.757142857
27/06/2014;USDCAD;-0.454142857;-0.001857143
27/06/2014;USDCHF;-0.083285714;-0.175714286
27/06/2014;USDCZK;-2.306571429;-0.352142857
27/06/2014;USDDKK;-0.653;-1.088
27/06/2014;USDHUF;-1.276285714;0.551714286
27/06/2014;USDJPY;-0.129285714;-0.194
27/06/2014;USDNOK;-3.186;0.872857143
27/06/2014;USDRUB;-104;56
27/06/2014;USDSEK;-1.983285714;0.189428571
27/06/2014;USDSGD;-0.151;-0.244714286
11/07/2014;AUDCAD;-0.046666667;-0.54
11/07/2014;AUDCHF;0.241333333;-0.716666667
11/07/2014;AUDJPY;0.273;-0.81
11/07/2014;AUDNZD;-0.558333333;0.189
11/07/2014;AUDUSD;0.426;-0.773666667
11/07/2014;CADJPY;0.087666667;-0.543
11/07/2014;CHFJPY;-0.272333333;-0.272333333
11/07/2014;EURAUD;-1.249333333;0.434
11/07/2014;EURCAD;-0.772333333;0.194666667
11/07/2014;EURCHF;-0.264333333;-0.208333333
11/07/2014;EURCZK;-0.495;-0.419
11/07/2014;EURDKK;-1.760666667;-1.553
11/07/2014;EURGBP;-0.235;-0.058666667
11/07/2014;EURJPY;-0.273666667;-0.235333333
11/07/2014;EURNOK;-5.223333333;0.812333333
11/07/2014;EURNZD;-1.776;1.114333333
11/07/2014;EURRUB;-140.4;75.6
11/07/2014;EURSEK;-3.713;-0.384
11/07/2014;EURSGD;-0.631;-0.163333333
11/07/2014;EURUSD;-0.307333333;-0.194333333
11/07/2014;EURZAR;-30.01366667;22.09166667
11/07/2014;GBPAUD;-1.356333333;0.374
11/07/2014;GBPCAD;-0.828666667;0.125666667
11/07/2014;GBPCHF;-0.133;-0.511333333
11/07/2014;GBPJPY;-0.150666667;-0.483
11/07/2014;GBPNZD;-1.996333333;0.903666667
11/07/2014;GBPSEK;-2.710333333;-2.073
11/07/2014;GBPUSD;-0.226666667;-0.429666667
11/07/2014;GOLD;-6.9;-2.9
11/07/2014;NZDCAD;0.242333333;-0.795666667
11/07/2014;NZDCHF;0.441333333;-0.861
11/07/2014;NZDJPY;0.605333333;-0.982
11/07/2014;NZDSGD;0.631666667;-1.282666667
11/07/2014;NZDUSD;0.485;-0.969333333
11/07/2014;SILVER;-1.8;-0.9
11/07/2014;USDCAD;-0.545333333;-0.02
11/07/2014;USDCHF;-0.141333333;-0.215333333
11/07/2014;USDCZK;-2.361333333;-0.45
11/07/2014;USDDKK;-0.764333333;-1.375333333
11/07/2014;USDHUF;-1.78;0.89
11/07/2014;USDJPY;-0.159666667;-0.272
11/07/2014;USDNOK;-3.597333333;0.856333333
11/07/2014;USDRUB;-101.4;54.6
11/07/2014;USDSEK;-1.889333333;-0.378
11/07/2014;USDSGD;-0.172;-0.31
26/09/2014;AUDCAD;0.658;-1.011
26/09/2014;AUDCHF;0.814;-1.117
26/09/2014;AUDJPY;0.908;-1.253
26/09/2014;AUDNZD;0.403;-0.558
26/09/2014;AUDUSD;0.959;-1.105
26/09/2014;CADJPY;0.133;-0.405
26/09/2014;CHFJPY;-0.18;-0.136
26/09/2014;EURAUD;-1.609;1.09
26/09/2014;EURCAD;-0.234;-0.039
26/09/2014;EURCHF;0.121;-0.355
26/09/2014;EURCZK;-0.061;-0.397
26/09/2014;EURDKK;-1.509;-0.558
26/09/2014;EURGBP;-0.022;-0.108
26/09/2014;EURJPY;0.149;-0.378
26/09/2014;EURNOK;-3.796;0.859
26/09/2014;EURNZD;-0.993;0.637
26/09/2014;EURRUB;-58.5;31.5
26/09/2014;EURSEK;-4.797;2.272
26/09/2014;EURSGD;-0.134;-0.357
26/09/2014;EURUSD;0.07;-0.281
26/09/2014;EURZAR;-23.633;18.538
26/09/2014;GBPAUD;-2.137;1.48
26/09/2014;GBPCAD;-0.493;0.099
26/09/2014;GBPCHF;0.11;-0.45
26/09/2014;GBPJPY;0.092;-0.382
26/09/2014;GBPNZD;-1.369;0.637
26/09/2014;GBPSEK;-6.071;3.195
26/09/2014;GBPUSD;-0.044;-0.266
26/09/2014;GOLD;-5.9;-1.9
26/09/2014;NOKSEK;-0.068;-0.335
26/09/2014;NZDCAD;0.177;-0.517
26/09/2014;NZDCHF;0.353;-0.604
26/09/2014;NZDJPY;0.409;-0.742
26/09/2014;NZDSGD;0.481;-0.87
26/09/2014;NZDUSD;0.335;-0.597
26/09/2014;SILVER;-1.3;-0.4
26/09/2014;USDCAD;-0.37;0
26/09/2014;USDCHF;-0.011;-0.175
26/09/2014;USDCZK;-2.585;-0.072
26/09/2014;USDDKK;-1.687;0.377
26/09/2014;USDHUF;-3.63;3.086
26/09/2014;USDJPY;-0.033;-0.209
26/09/2014;USDNOK;-3.901;2.112
26/09/2014;USDRUB;-44.2;23.8
26/09/2014;USDSEK;-4.2;3
26/09/2014;USDSGD;-0.035;-0.247
17/10/2014;AUDCAD;0.666;-1.022
17/10/2014;AUDCHF;0.811;-1.112
17/10/2014;AUDJPY;0.9;-1.242
17/10/2014;AUDNZD;0.404;-0.559
17/10/2014;AUDUSD;0.958;-1.104
17/10/2014;CADJPY;0.131;-0.397
17/10/2014;CHFJPY;-0.179;-0.135
17/10/2014;EURAUD;-1.614;1.093
17/10/2014;EURCAD;-0.237;-0.04
17/10/2014;EURCHF;0.121;-0.355
17/10/2014;EURCZK;-0.062;-0.4
17/10/2014;EURDKK;-1.51;-0.558
17/10/2014;EURGBP;-0.022;-0.11
17/10/2014;EURJPY;0.148;-0.376
17/10/2014;EURNOK;-3.876;0.877
17/10/2014;EURNZD;-0.999;0.641
17/10/2014;EURRUB;-58.5;31.5
17/10/2014;EURSEK;-4.848;2.296
17/10/2014;EURSGD;-0.134;-0.358
17/10/2014;EURUSD;0.07;-0.281
17/10/2014;EURZAR;-23.209;18.205
17/10/2014;GBPAUD;-2.116;1.466
17/10/2014;GBPCAD;-0.494;0.099
17/10/2014;GBPCHF;0.109;-0.444
17/10/2014;GBPJPY;0.09;-0.374
17/10/2014;GBPNZD;-1.359;0.632
17/10/2014;GBPSEK;-6.054;3.186
17/10/2014;GBPUSD;-0.044;-0.263
17/10/2014;GOLD;-5.9;-1.9
17/10/2014;NOKSEK;-0.068;-0.332
17/10/2014;NZDCAD;0.179;-0.522
17/10/2014;NZDCHF;0.351;-0.6
17/10/2014;NZDJPY;0.404;-0.734
17/10/2014;NZDSGD;0.48;-0.869
17/10/2014;NZDUSD;0.333;-0.595
17/10/2014;SILVER;-1.3;-0.4
17/10/2014;USDCAD;-0.375;0
17/10/2014;USDCHF;-0.011;-0.175
17/10/2014;USDCZK;-2.601;-0.073
17/10/2014;USDDKK;-1.683;0.376
17/10/2014;USDHUF;-3.596;3.056
17/10/2014;USDJPY;-0.033;-0.207
17/10/2014;USDNOK;-3.974;2.151
17/10/2014;USDRUB;-44.2;23.8
17/10/2014;USDSEK;-4.233;3.024
17/10/2014;USDSGD;-0.035;-0.248
31/07/2015;AUDCAD;0.548;-1.141
31/07/2015;AUDCHF;0.6;-1.061
31/07/2015;AUDJPY;0.743;-1.329
31/07/2015;AUDNZD;0.25;-0.72
31/07/2015;AUDUSD;0.702;-1.03
31/07/2015;CADJPY;-0.003;-0.521
31/07/2015;CHFJPY;-0.377;-0.328
31/07/2015;EURAUD;-1.854;0.913
31/07/2015;EURCAD;-0.437;-0.239
31/07/2015;EURCHF;-0.012;-0.461
31/07/2015;EURCZK;-0.285;-0.616
31/07/2015;EURDKK;-2.135;-1.181
31/07/2015;EURGBP;-0.116;-0.194
31/07/2015;EURJPY;-0.041;-0.559
31/07/2015;EURNOK;-4.935;0.199
31/07/2015;EURNZD;-1.26;0.429
31/07/2015;EURRUB;-58.5;31.5
31/07/2015;EURSEK;-5.786;1.578
31/07/2015;EURSGD;-0.251;-0.459
31/07/2015;EURUSD;-0.091;-0.392
31/07/2015;EURZAR;-24.383;16.294
31/07/2015;GBPAUD;-2.737;1.522
31/07/2015;GBPCAD;-0.731;-0.056
31/07/2015;GBPCHF;-0.1;-0.652
31/07/2015;GBPJPY;-0.164;-0.684
31/07/2015;GBPNZD;-1.911;0.411
31/07/2015;GBPSEK;-8.18;2.603
31/07/2015;GBPUSD;-0.213;-0.469
31/07/2015;GOLD;-0.69;-0.29
31/07/2015;NZDCAD;0.055;-0.629
31/07/2015;NZDCHF;0.212;-0.603
31/07/2015;NZDJPY;0.366;-0.772
31/07/2015;NZDSGD;0.284;-0.912
31/07/2015;NZDUSD;0.169;-0.605
31/07/2015;SILVER;-0.036;-0.018
31/07/2015;USDCAD;-0.586;-0.183
31/07/2015;USDCHF;-0.147;-0.316
31/07/2015;USDCZK;-3.166;-0.29
31/07/2015;USDDKK;-2.538;-0.134
31/07/2015;USDHUF;-4.454;3.346
31/07/2015;USDJPY;-0.211;-0.411
31/07/2015;USDNOK;-5.693;2.02
31/07/2015;USDRUB;-44.2;23.8
31/07/2015;USDSEK;-5.813;2.906
31/07/2015;USDSGD;-0.154;-0.385
30/09/2016;AUDCAD;0.15;-0.48
30/09/2016;AUDCHF;0.42;-0.61
30/09/2016;AUDJPY;0.44;-0.67
30/09/2016;AUDNZD;-0.2;0.05
30/09/2016;AUDUSD;0.457;-0.575
30/09/2016;CADJPY;0.027;-0.31
30/09/2016;CHFJPY;-0.278;0.07
30/09/2016;EURAUD;-1.158;0.78
30/09/2016;EURCAD;-0.374;0.119
30/09/2016;EURCHF;-0.286;-0.252
30/09/2016;EURCZK;-0.496;-0.42
30/09/2016;EURDKK;-1.257;-1.501
30/09/2016;EURGBP;-0.183;0.054
30/09/2016;EURJPY;-0.189;-0.285
30/09/2016;EURNOK;-4.928;1.512
30/09/2016;EURNZD;-1.917;1.157
30/09/2016;EURRUB;-58.5;31.5
30/09/2016;EURSEK;-2.432;-0.536
30/09/2016;EURSGD;-0.604;-0.157
30/09/2016;EURUSD;-0.434;-0.108
30/09/2016;EURZAR;-27.159;19.94
30/09/2016;GBPAUD;-1.289;0.678
30/09/2016;GBPCAD;-0.563;0.044
30/09/2016;GBPCHF;-0.09;-0.467
30/09/2016;GBPJPY;-0.045;-0.502
30/09/2016;GBPNZD;-2.05;1.327
30/09/2016;GBPSEK;0.452;-1.384
30/09/2016;GBPUSD;-0.075;-0.217
30/09/2016;GOLD;-0.69;-0.29
30/09/2016;NOKSEK;-0.068;-0.332
30/09/2016;NZDCAD;0.343;-0.827
30/09/2016;NZDCHF;0.515;-0.771
30/09/2016;NZDJPY;0.556;-0.72
30/09/2016;NZDSGD;0.572;-1.013
30/09/2016;NZDUSD;0.443;-0.634
30/09/2016;SILVER;-0.04;-0.02
30/09/2016;USDCAD;-0.12;0.06
30/09/2016;USDCHF;-0.106;-0.465
30/09/2016;USDCZK;-2.529;-0.482
30/09/2016;USDDKK;-0.806;-1.448
30/09/2016;USDHUF;-1.513;0.873
30/09/2016;USDJPY;-0.19;-0.31
30/09/2016;USDNOK;-2.617;0.823
30/09/2016;USDRUB;-44.2;23.8
30/09/2016;USDSEK;-1.705;-0.642
30/09/2016;USDSGD;-0.227;-0.218
30/09/2016;XAGUSD;-0.36;-0.018
30/09/2016;XAUUSD;-0.65;-0.29
30/09/2016;XPDUSD;-3;-0.5
30/09/2016;XPTUSD;-3.5;0.7
18/11/2016;AUDCAD;0.559;-1.165
18/11/2016;AUDCHF;0.621;-1.099
18/11/2016;AUDJPY;0.665;-1.19
18/11/2016;AUDNZD;-0.09;-0.669
18/11/2016;AUDUSD;0.16;-1.035
18/11/2016;CADJPY;-0.002;-0.457
18/11/2016;CHFJPY;-0.326;-0.83
18/11/2016;EURAUD;-1.806;0.889
18/11/2016;EURCAD;-0.435;-0.237
18/11/2016;EURCHF;-0.012;-0.465
18/11/2016;EURCZK;-0.285;-0.616
18/11/2016;EURDKK;-2.128;-1.178
18/11/2016;EURGBP;-0.142;-0.12
18/11/2016;EURJPY;-0.036;-0.487
18/11/2016;EURNOK;-4.975;2.201
18/11/2016;EURNZD;-1.14;0.388
18/11/2016;EURRUB;-58.5;31.5
18/11/2016;EURSEK;-5.987;1.633
18/11/2016;EURSGD;-0.252;-0.462
18/11/2016;EURUSD;-0.089;-0.384
18/11/2016;EURZAR;-26.276;17.559
18/11/2016;GBPAUD;-2.179;1.212
18/11/2016;GBPCAD;-0.185;-0.046
18/11/2016;GBPCHF;-0.083;-0.538
18/11/2016;GBPJPY;-0.117;-0.488
18/11/2016;GBPNZD;-1.413;0.304
18/11/2016;GBPSEK;-6.921;2.202
18/11/2016;GBPUSD;-0.171;-0.215
18/11/2016;GOLD;-0.96;-0.58
18/11/2016;NOKSEK;-0.068;-0.332
18/11/2016;NZDCAD;0.06;-0.692
18/11/2016;NZDCHF;0.236;-0.672
18/11/2016;NZDJPY;0.352;-0.744
18/11/2016;NZDSGD;0.316;-1.015
18/11/2016;NZDUSD;0.183;-0.654
18/11/2016;SILVER;-0.06;-0.03
18/11/2016;USDCAD;-0.495;-0.186
18/11/2016;USDCHF;-0.152;-0.326
18/11/2016;USDCZK;-3.236;-0.297
18/11/2016;USDDKK;-2.586;-0.136
18/11/2016;USDHUF;-4.532;3.405
18/11/2016;USDJPY;-0.188;-0.725
18/11/2016;USDNOK;-5.862;2.08
18/11/2016;USDRUB;-44.2;23.8
18/11/2016;USDSEK;1.146;-3.073
18/11/2016;USDSGD;-0.158;-0.396
18/11/2016;XAGUSD;-0.6;-0.3
18/11/2016;XAUUSD;-0.96;-0.58
18/11/2016;XPDUSD;-3;-0.5
18/11/2016;XPTUSD;-3.5;0.7
28/02/2017;AUDCAD;0.2;-0.53
28/02/2017;AUDCHF;0.47;-0.8
28/02/2017;AUDJPY;0.32;-0.63
28/02/2017;AUDNZD;-0.1;-0.29
28/02/2017;AUDUSD;0.12;-0.39
28/02/2017;CADJPY;0.06;-1.3
28/02/2017;CHFJPY;-0.52;-0.59
28/02/2017;EURAUD;-1.006;0.589
28/02/2017;EURCAD;-0.64;0.22
28/02/2017;EURCHF;-0.28;-0.03
28/02/2017;EURCZK;-0.28;-0.6
28/02/2017;EURDKK;-0.53;0.05
28/02/2017;EURGBP;-0.18;-0.02
28/02/2017;EURJPY;-0.52;0.05
28/02/2017;EURNOK;-3.775;2.201
28/02/2017;EURNZD;-1.44;0.878
28/02/2017;EURRUB;-58.5;31.5
28/02/2017;EURSEK;0.25;-0.62
28/02/2017;EURSGD;-0.74;0.23
28/02/2017;EURUSD;-0.67;0.27
28/02/2017;EURZAR;-25.3;16.51
28/02/2017;GBPAUD;-0.91;0.61
28/02/2017;GBPCAD;-0.43;0.08
28/02/2017;GBPCHF;0.17;-0.35
28/02/2017;GBPJPY;-0.42;-1.345
28/02/2017;GBPNZD;-1.42;0.87
28/02/2017;GBPSEK;-6.9;2.2
28/02/2017;GBPUSD;-0.59;0.06
28/02/2017;GOLD;-2.91;-0.68
28/02/2017;NOKSEK;-0.07;-0.35
28/02/2017;NZDCAD;0.32;-0.792
28/02/2017;NZDCHF;0.645;-0.972
28/02/2017;NZDJPY;0.37;-1.744
28/02/2017;NZDSGD;0.396;-0.78
28/02/2017;NZDUSD;0.183;-0.554
28/02/2017;SILVER;-0.6;-0.3
28/02/2017;USDCAD;-0.1;-0.356
28/02/2017;USDCHF;0.08;-0.776
28/02/2017;USDCZK;-3.2;-0.3
28/02/2017;USDDKK;0.05;-1.95
28/02/2017;USDHUF;-4.5;3.1
28/02/2017;USDJPY;-0.06;-0.725
28/02/2017;USDNOK;-0.862;-2.08
28/02/2017;USDRUB;-44.2;23.8
28/02/2017;USDSEK;1.946;-5.773
28/02/2017;USDSGD;0.03;-0.596
28/02/2017;XAGUSD;-0.6;-0.3
28/02/2017;XAUUSD;-2.91;-0.68
28/02/2017;XPDUSD;-3;-0.5
28/02/2017;XPTUSD;-3.5;0.7
03/04/2017;AUDCAD;0.26;-0.53
03/04/2017;AUDCHF;0.48;-0.75
03/04/2017;AUDJPY;0.36;-0.57
03/04/2017;AUDNZD;-0.1;-0.29
03/04/2017;AUDUSD;0.02;-0.33
03/04/2017;CADJPY;0.06;-0.3
03/04/2017;CHFJPY;-0.3;0.15
03/04/2017;EURAUD;-1.006;0.65
03/04/2017;EURCAD;-0.64;0.22
03/04/2017;EURCHF;-0.32;-0.02
03/04/2017;EURCZK;-0.28;-0.6
03/04/2017;EURDKK;-0.7;0.06
03/04/2017;EURGBP;-0.18;0.03
03/04/2017;EURJPY;-0.3;0.05
03/04/2017;EURNOK;-3.775;2.4
03/04/2017;EURNZD;-1.44;0.878
03/04/2017;EURRUB;-58.5;31.5
03/04/2017;EURSEK;0.25;-0.62
03/04/2017;EURSGD;-0.85;0.25
03/04/2017;EURUSD;-1.25;0.36
03/04/2017;EURZAR;-25.3;16.51
03/04/2017;GBPAUD;-0.91;0.65
03/04/2017;GBPCAD;-0.43;0.08
03/04/2017;GBPCHF;0.17;-0.35
03/04/2017;GBPJPY;0.05;-0.2
03/04/2017;GBPNZD;-1.42;0.87
03/04/2017;GBPSEK;-6.9;2.2
03/04/2017;GBPUSD;-0.67;0.19
03/04/2017;GOLD;-5;-0.95
03/04/2017;NOKSEK;-0.07;-0.35
03/04/2017;NZDCAD;0.32;-0.792
03/04/2017;NZDCHF;0.645;-0.972
03/04/2017;NZDJPY;0.37;-0.7
03/04/2017;NZDSGD;0.396;-0.78
03/04/2017;NZDUSD;0.1;-0.4
03/04/2017;SILVER;-0.1;-0.05
03/04/2017;USDCAD;0.05;-0.55
03/04/2017;USDCHF;0.1;-0.9
03/04/2017;USDCZK;-3.2;-0.3
03/04/2017;USDDKK;0.05;-1.95
03/04/2017;USDHUF;-4.5;3.1
03/04/2017;USDJPY;0.02;-0.87
03/04/2017;USDNOK;-0.862;-2.08
03/04/2017;USDRUB;-44.2;23.8
03/04/2017;USDSEK;2.3;-5.97
03/04/2017;USDSGD;0.06;-0.73
03/04/2017;XAGUSD;-0.1;-0.05
03/04/2017;XAUUSD;-5;-0.95
03/04/2017;XPDUSD;-3;-0.5
03/04/2017;XPTUSD;-3.5;0.7
01/05/2017;AUDCAD;0.2;-0.6
01/05/2017;AUDCHF;0.5;-0.8
01/05/2017;AUDJPY;0.36;-0.62
01/05/2017;AUDNZD;-0.11;-0.2
01/05/2017;AUDUSD;0.12;-0.41
01/05/2017;CADJPY;0.1;-0.4
01/05/2017;CHFJPY;-0.25;-0.05
01/05/2017;EURAUD;-1.3;0.7
01/05/2017;EURCAD;-0.9;0.3
01/05/2017;EURCHF;-0.05;-0.26
01/05/2017;EURCZK;-0.28;-0.6
01/05/2017;EURDKK;-0.3;0.07
01/05/2017;EURGBP;-0.25;0.01
01/05/2017;EURJPY;-0.4;0.15
01/05/2017;EURNOK;-6.12;2.9
01/05/2017;EURNZD;-1.2;0.97
01/05/2017;EURRUB;-58.5;31.5
01/05/2017;EURSEK;0.09;-0.55
01/05/2017;EURSGD;-1.1;0.36
01/05/2017;EURUSD;-0.7;0.31
01/05/2017;EURZAR;-25.3;16.51
01/05/2017;GBPAUD;-1.1;0.75
01/05/2017;GBPCAD;-0.51;-0.45
01/05/2017;GBPCHF;0.18;-0.32
01/05/2017;GBPJPY;-0.02;-0.25
01/05/2017;GBPNZD;-1.48;0.97
01/05/2017;GBPSEK;-6.9;2.2
01/05/2017;GBPUSD;-0.81;0.11
01/05/2017;GOLD;0.2;-0.4
01/05/2017;NOKSEK;-0.07;-0.35
01/05/2017;NZDCAD;0.27;-0.62
01/05/2017;NZDCHF;0.62;-0.88
01/05/2017;NZDJPY;0.44;-0.55
01/05/2017;NZDSGD;0.41;-0.75
01/05/2017;NZDUSD;0.22;-0.45
01/05/2017;SILVER;-0.02;-0.05
01/05/2017;USDCAD;0.02;-0.21
01/05/2017;USDCHF;0.45;-0.95
01/05/2017;USDCZK;-3.2;-0.3
01/05/2017;USDDKK;0.08;-2.4
01/05/2017;USDHUF;-4.5;3.1
01/05/2017;USDJPY;0.1;-0.3
01/05/2017;USDNOK;-1.35;-1.73
01/05/2017;USDRUB;-44.2;23.8
01/05/2017;USDSEK;2.12;-6.7
01/05/2017;USDSGD;-0.02;-0.8
01/05/2017;XAGUSD;-0.02;-0.05
01/05/2017;XAUUSD;0.2;-0.4
01/05/2017;XPDUSD;-3;-0.5
01/05/2017;XPTUSD;-3.5;0.7
29/05/2017;AUDCAD;0.27;-0.62
29/05/2017;AUDCHF;0.5;-0.8
29/05/2017;AUDJPY;0.4;-0.64
29/05/2017;AUDNZD;-0.12;-0.3
29/05/2017;AUDUSD;0.1;-0.32
29/05/2017;CADJPY;0.09;-0.37
29/05/2017;CHFJPY;-0.18;-0.05
29/05/2017;EURAUD;-1.3;0.72
29/05/2017;EURCAD;-0.7;0.3
29/05/2017;EURCHF;-0.07;-0.22
29/05/2017;EURCZK;-0.28;-0.6
29/05/2017;EURDKK;-1.3;0.07
29/05/2017;EURGBP;-0.19;0.02
29/05/2017;EURJPY;-0.31;0.11
29/05/2017;EURNOK;-5;2.5
29/05/2017;EURNZD;-1.2;0.97
29/05/2017;EURRUB;-58.5;31.5
29/05/2017;EURSEK;0.09;-0.55
29/05/2017;EURSGD;-1.2;0.4
29/05/2017;EURUSD;-0.48;0.44
29/05/2017;EURZAR;-25.3;16.51
29/05/2017;GBPAUD;-1.1;0.75
29/05/2017;GBPCAD;-0.35;-0.2
29/05/2017;GBPCHF;0.21;-0.32
29/05/2017;GBPJPY;-0.03;-0.32
29/05/2017;GBPNZD;-1.3;0.76
29/05/2017;GBPSEK;-6.9;2.2
29/05/2017;GBPUSD;-0.33;0.26
29/05/2017;GOLD;0.49;-0.81
29/05/2017;NOKSEK;-0.07;-0.35
29/05/2017;NZDCAD;0.28;-0.6
29/05/2017;NZDCHF;0.55;-0.81
29/05/2017;NZDJPY;0.41;-0.55
29/05/2017;NZDSGD;0.25;-0.55
29/05/2017;NZDUSD;0.17;-0.38
29/05/2017;SILVER;-0.01;-0.04
29/05/2017;USDCAD;0.11;-0.24
29/05/2017;USDCHF;0.45;-0.91
29/05/2017;USDCZK;-3.2;-0.3
29/05/2017;USDDKK;0.08;-2.4
29/05/2017;USDHUF;-4.5;3.1
29/05/2017;USDJPY;0.09;-0.31
29/05/2017;USDNOK;-0.13;-1.6
29/05/2017;USDRUB;-44.2;23.8
29/05/2017;USDSEK;2.12;-6.5
29/05/2017;USDSGD;-0.02;-0.5
29/05/2017;XAGUSD;-0.01;-0.04
29/05/2017;XAUUSD;0.49;-0.81
29/05/2017;XPDUSD;-3;-0.5
29/05/2017;XPTUSD;-3.5;0.7
03/07/2017;AUDCAD;0.2;-0.55
03/07/2017;AUDCHF;0.45;-0.7
03/07/2017;AUDJPY;0.36;0.7
03/07/2017;AUDNZD;-0.2;-0.15
03/07/2017;AUDUSD;0.07;-0.3
03/07/2017;CADJPY;0.08;-0.48
03/07/2017;CHFJPY;-0.16;-0.05
03/07/2017;EURAUD;-1.2;0.62
03/07/2017;EURCAD;-0.7;0.21
03/07/2017;EURCHF;-0.06;-0.23
03/07/2017;EURCZK;-0.28;-0.6
03/07/2017;EURDKK;-0.6;0.06
03/07/2017;EURGBP;-0.18;-0.02
03/07/2017;EURJPY;-0.25;-0.03
03/07/2017;EURNOK;-4;2.2
03/07/2017;EURNZD;-1.1;0.85
03/07/2017;EURRUB;-58.5;31.5
03/07/2017;EURSEK;0.5;-0.6
03/07/2017;EURSGD;-1.3;0.5
03/07/2017;EURUSD;-0.61;0.51
03/07/2017;EURZAR;-25.3;16.51
03/07/2017;GBPAUD;-1.1;0.65
03/07/2017;GBPCAD;-0.35;-0.5
03/07/2017;GBPCHF;0.18;-0.33
03/07/2017;GBPJPY;-0.02;-0.36
03/07/2017;GBPNZD;-1.3;0.75
03/07/2017;GBPSEK;-6.9;2.2
03/07/2017;GBPUSD;-0.46;0.35
03/07/2017;GOLD;-0.7;0.2
03/07/2017;NOKSEK;-0.07;-0.35
03/07/2017;NZDCAD;0.28;-0.68
03/07/2017;NZDCHF;0.56;-0.9
03/07/2017;NZDJPY;0.47;-0.7
03/07/2017;NZDSGD;0.2;-0.58
03/07/2017;NZDUSD;0.13;-0.35
03/07/2017;SILVER;-0.03;-0.03
03/07/2017;USDCAD;0.14;-0.4
03/07/2017;USDCHF;0.48;-0.92
03/07/2017;USDCZK;-3.2;-0.3
03/07/2017;USDDKK;0.08;-2.3
03/07/2017;USDHUF;-4.5;3.1
03/07/2017;USDJPY;0.11;-0.4
03/07/2017;USDNOK;-0.7;-3
03/07/2017;USDRUB;-44.2;23.8
03/07/2017;USDSEK;2.7;-6
03/07/2017;USDSGD;-0.03;-0.5
03/07/2017;XAGUSD;-0.03;-0.03
03/07/2017;XAUUSD;-0.7;0.2
03/07/2017;XPDUSD;-3;-0.5
03/07/2017;XPTUSD;-3.5;0.7
01/08/2017;AUDCAD;0.15;-0.32
01/08/2017;AUDCHF;0.42;-0.72
01/08/2017;AUDJPY;0.34;-0.57
01/08/2017;AUDNZD;-0.15;-0.12
01/08/2017;AUDUSD;0.05;-0.2
01/08/2017;BTC (Bitcoin);-0.00069;0
01/08/2017;CADJPY;0.09;-0.5
01/08/2017;CHFJPY;-0.19;-0.04
01/08/2017;DASH (Dash);-0.00069;0
01/08/2017;ETC (Ethereum Classic);-0.00069;0
01/08/2017;ETH (Ethereum);-0.00069;0
01/08/2017;EURAUD;-1.25;0.65
01/08/2017;EURCAD;-0.85;0.28
01/08/2017;EURCHF;-0.05;-0.28
01/08/2017;EURCZK;-0.28;-0.6
01/08/2017;EURDKK;-0.02;-0.02
01/08/2017;EURGBP;-0.2;-0.02
01/08/2017;EURJPY;-0.32;0.05
01/08/2017;EURNOK;-3.9;2.1
01/08/2017;EURNZD;-1.2;1.1
01/08/2017;EURRUB;-58.5;31.5
01/08/2017;EURSEK;0.06;-0.64
01/08/2017;EURSGD;-1.7;0.5
01/08/2017;EURUSD;-0.63;0.53
01/08/2017;EURZAR;-25.3;16.51
01/08/2017;GBPAUD;-0.85;0.65
01/08/2017;GBPCAD;-0.41;-0.34
01/08/2017;GBPCHF;0.19;-0.35
01/08/2017;GBPJPY;-0.06;-0.43
01/08/2017;GBPNZD;-1.2;0.85
01/08/2017;GBPSEK;-6.9;2.2
01/08/2017;GBPUSD;-0.43;0.38
01/08/2017;GOLD;-0.49;0.3
01/08/2017;LTC (Litecoin);-0.00069;0
01/08/2017;NOKSEK;-0.07;-0.35
01/08/2017;NZDCAD;0.28;-0.55
01/08/2017;NZDCHF;0.62;-0.91
01/08/2017;NZDJPY;0.51;-0.61
01/08/2017;NZDSGD;0.18;-0.58
01/08/2017;NZDUSD;0.16;-0.36
01/08/2017;SILVER;-0.03;-0.03
01/08/2017;USDCAD;0.07;-0.36
01/08/2017;USDCHF;0.45;-0.96
01/08/2017;USDCZK;-3.2;-0.3
01/08/2017;USDDKK;0.09;-2.36
01/08/2017;USDHUF;-4.5;3.1
01/08/2017;USDJPY;0.11;-0.45
01/08/2017;USDNOK;-0.61;-2.4
01/08/2017;USDRUB;-44.2;23.8
01/08/2017;USDSEK;2.68;-6.55
01/08/2017;USDSGD;-0.08;-0.77
01/08/2017;XAGUSD;-0.03;-0.03
01/08/2017;XAUUSD;-0.49;0.3
01/08/2017;XMR (Monero);-0.00069;0
01/08/2017;XPDUSD;-3;-0.5
01/08/2017;XPTUSD;-3.5;0.7
01/08/2017;ZEC (Zcash);-0.00069;0
28/08/2017;AUDCAD;0.15;-0.34
28/08/2017;AUDCHF;0.42;-0.72
28/08/2017;AUDJPY;0.34;-0.57
28/08/2017;AUDNZD;-0.17;-0.2
28/08/2017;AUDUSD;0.04;-0.18
28/08/2017;BTC (Bitcoin);-0.00069;0
28/08/2017;CADJPY;0.09;-0.5
28/08/2017;CHFJPY;-0.19;-0.04
28/08/2017;DASH (Dash);-0.00069;0
28/08/2017;ETC (Ethereum Classic);-0.00069;0
28/08/2017;ETH (Ethereum);-0.00069;0
28/08/2017;EURAUD;-1.1;0.62
28/08/2017;EURCAD;-0.8;0.28
28/08/2017;EURCHF;-0.05;-0.28
28/08/2017;EURCZK;-0.28;-0.6
28/08/2017;EURDKK;-0.02;0.01
28/08/2017;EURGBP;-0.2;-0.02
28/08/2017;EURJPY;-0.32;0.06
28/08/2017;EURNOK;-3.9;2.3
28/08/2017;EURNZD;-1.2;1.1
28/08/2017;EURRUB;-58.5;31.5
28/08/2017;EURSEK;0.06;-0.75
28/08/2017;EURSGD;-1.7;0.5
28/08/2017;EURUSD;-0.6;0.52
28/08/2017;EURZAR;-25.3;16.51
28/08/2017;GBPAUD;-0.75;0.6
28/08/2017;GBPCAD;-0.41;0.13
28/08/2017;GBPCHF;0.19;-0.35
28/08/2017;GBPJPY;-0.06;-0.35
28/08/2017;GBPNZD;-1.28;0.87
28/08/2017;GBPSEK;-6.9;2.2
28/08/2017;GBPUSD;-0.43;0.33
28/08/2017;GOLD;-0.4;0.15
28/08/2017;LTC (Litecoin);-0.00069;0
28/08/2017;NOKSEK;-0.07;-0.35
28/08/2017;NZDCAD;0.28;-0.57
28/08/2017;NZDCHF;0.62;-0.91
28/08/2017;NZDJPY;0.51;-0.61
28/08/2017;NZDSGD;0.18;-0.58
28/08/2017;NZDUSD;0.2;-0.35
28/08/2017;SILVER;-0.02;-0.02
28/08/2017;USDCAD;0.07;-0.31
28/08/2017;USDCHF;0.45;-0.82
28/08/2017;USDCZK;-3.2;-0.3
28/08/2017;USDDKK;0.09;-2.36
28/08/2017;USDHUF;-4.5;3.1
28/08/2017;USDJPY;0.11;-0.39
28/08/2017;USDNOK;-0.61;-2.1
28/08/2017;USDRUB;-44.2;23.8
28/08/2017;USDSEK;2.68;-6.55
28/08/2017;USDSGD;-0.3;-0.47
28/08/2017;XAGUSD;-0.02;-0.02
28/08/2017;XAUUSD;-0.4;0.15
28/08/2017;XMR (Monero);-0.00069;0
28/08/2017;XPDUSD;-3;-0.5
28/08/2017;XPTUSD;-3.5;0.7
28/08/2017;ZEC (Zcash);-0.00069;0
04/09/2017;AUDCAD;0.14;-0.32
04/09/2017;AUDCHF;0.41;-0.72
04/09/2017;AUDJPY;0.34;-0.57
04/09/2017;AUDNZD;-0.15;0.06
04/09/2017;AUDUSD;0.04;-0.18
04/09/2017;BTC (Bitcoin);-0.00069;0
04/09/2017;CADJPY;0.17;-0.45
04/09/2017;CHFJPY;-0.19;-0.04
04/09/2017;DASH (Dash);-0.00069;0
04/09/2017;ETC (Ethereum Classic);-0.00069;0
04/09/2017;ETH (Ethereum);-0.00069;0
04/09/2017;EURAUD;-1.1;0.64
04/09/2017;EURCAD;-0.65;0.36
04/09/2017;EURCHF;-0.04;-0.28
04/09/2017;EURCZK;-0.28;-0.6
04/09/2017;EURDKK;-0.02;-0.02
04/09/2017;EURGBP;-0.2;0.03
04/09/2017;EURJPY;-0.32;0.09
04/09/2017;EURNOK;-3.9;2.54
04/09/2017;EURNZD;-1.2;1.1
04/09/2017;EURRUB;-58.5;31.5
04/09/2017;EURSEK;0.06;-0.75
04/09/2017;EURSGD;-1.7;0.5
04/09/2017;EURUSD;-0.6;0.48
04/09/2017;EURZAR;-25.3;16.51
04/09/2017;GBPAUD;-0.74;0.44
04/09/2017;GBPCAD;-0.43;0.19
04/09/2017;GBPCHF;0.19;-0.35
04/09/2017;GBPJPY;-0.06;-0.35
04/09/2017;GBPNZD;-1.28;0.87
04/09/2017;GBPSEK;-6.9;2.2
04/09/2017;GBPUSD;-0.43;0.33
04/09/2017;GOLD;-0.4;0.15
04/09/2017;LTC (Litecoin);-0.00069;0
04/09/2017;NOKSEK;-0.07;-0.35
04/09/2017;NZDCAD;0.28;-0.57
04/09/2017;NZDCHF;0.62;-0.89
04/09/2017;NZDJPY;0.51;-0.61
04/09/2017;NZDSGD;0.18;-0.58
04/09/2017;NZDUSD;0.2;-0.35
04/09/2017;SILVER;-0.02;-0.02
04/09/2017;USDCAD;0.07;-0.31
04/09/2017;USDCHF;0.45;-0.82
04/09/2017;USDCZK;-3.2;-0.3
04/09/2017;USDDKK;0.09;-2.36
04/09/2017;USDHUF;-4.5;3.1
04/09/2017;USDJPY;0.18;-0.39
04/09/2017;USDNOK;-0.61;-2.4
04/09/2017;USDRUB;-44.2;23.8
04/09/2017;USDSEK;2.68;-6.55
04/09/2017;USDSGD;-0.3;-0.57
04/09/2017;XAGUSD;-0.02;-0.02
04/09/2017;XAUUSD;-0.4;0.29
04/09/2017;XMR (Monero);-0.00069;0
04/09/2017;XPDUSD;-3;-0.5
04/09/2017;XPTUSD;-3.5;0.7
04/09/2017;ZEC (Zcash);-0.00069;0
02/10/2017;AUDCAD;0.1;-0.26
02/10/2017;AUDCHF;0.42;-0.7
02/10/2017;AUDJPY;0.34;-0.5
02/10/2017;AUDNZD;-0.25;0.15
02/10/2017;AUDUSD;0.039;-0.042
02/10/2017;BTC (Bitcoin);-0.00069;0
02/10/2017;CADJPY;0.2;-0.45
02/10/2017;CHFJPY;-0.21;-0.02
02/10/2017;DASH (Dash);-0.00069;0
02/10/2017;ETC (Ethereum Classic);-0.00069;0
02/10/2017;ETH (Ethereum);-0.00069;0
02/10/2017;EURAUD;-0.832;0.637
02/10/2017;EURCAD;-0.6;0.36
02/10/2017;EURCHF;-0.042;-0.272
02/10/2017;EURCZK;-0.28;-0.6
02/10/2017;EURDKK;-0.3;0.06
02/10/2017;EURGBP;-0.175;0.03
02/10/2017;EURJPY;-0.32;-0.061
02/10/2017;EURNOK;-3.9;2.54
02/10/2017;EURNZD;-1.2;1.1
02/10/2017;EURRUB;-58.5;31.5
02/10/2017;EURSEK;0.01;-0.8
02/10/2017;EURSGD;-1.5;0.4
02/10/2017;EURUSD;-0.59;0.332
02/10/2017;EURZAR;-24;17
02/10/2017;GBPAUD;-0.7;0.44
02/10/2017;GBPCAD;-0.55;0.2
02/10/2017;GBPCHF;0.192;-0.36
02/10/2017;GBPJPY;-0.01;-0.51
02/10/2017;GBPNZD;-1.25;1.05
02/10/2017;GBPSEK;-6.9;2.2
02/10/2017;GBPUSD;-0.401;0.241
02/10/2017;GOLD;-2;-0.4
02/10/2017;LTC (Litecoin);-0.00069;0
02/10/2017;NOKSEK;-0.07;-0.35
02/10/2017;NZDCAD;0.26;-0.6
02/10/2017;NZDCHF;0.67;-1
02/10/2017;NZDJPY;0.56;-0.7
02/10/2017;NZDSGD;0.31;-0.7
02/10/2017;NZDUSD;0.21;-0.362
02/10/2017;SILVER;-0.1;-0.1
02/10/2017;USDCAD;-0.07;-0.277
02/10/2017;USDCHF;0.46;-0.73
02/10/2017;USDCZK;-3.2;-0.3
02/10/2017;USDDKK;0.09;-2.36
02/10/2017;USDHUF;-4.5;3.1
02/10/2017;USDJPY;0.19;-0.383
02/10/2017;USDNOK;-0.61;-2.3
02/10/2017;USDRUB;-44.2;23.8
02/10/2017;USDSEK;2.68;-5.5
02/10/2017;USDSGD;0.03;-0.71
02/10/2017;XAGUSD;-0.1;-0.1
02/10/2017;XAUUSD;-2;-0.4
02/10/2017;XMR (Monero);-0.00069;0
02/10/2017;XPDUSD;-3;-0.5
02/10/2017;XPTUSD;-3.5;0.7
02/10/2017;ZEC (Zcash);-0.00069;0
30/10/2017;AUDCAD;0.1;-0.24
30/10/2017;AUDCHF;0.44;-0.75
30/10/2017;AUDJPY;0.3;-0.5
30/10/2017;AUDNZD;-0.2;0.1
30/10/2017;AUDUSD;0.05;-0.08
30/10/2017;BTC (Bitcoin);-0.00069;0
30/10/2017;CADJPY;0.18;-0.4
30/10/2017;CHFJPY;-0.2;-0.06
30/10/2017;DASH (Dash);-0.00069;0
30/10/2017;ETC (Ethereum Classic);-0.00069;0
30/10/2017;ETH (Ethereum);-0.00069;0
30/10/2017;EURAUD;-0.94;0.66
30/10/2017;EURCAD;-0.6;0.34
30/10/2017;EURCHF;-0.06;-0.2
30/10/2017;EURCZK;-0.28;-0.6
30/10/2017;EURDKK;-0.09;-0.09
30/10/2017;EURGBP;-0.18;0.02
30/10/2017;EURJPY;-0.33;0.12
30/10/2017;EURNOK;-3.7;2.9
30/10/2017;EURNZD;-1.2;1
30/10/2017;EURRUB;-58.5;31.5
30/10/2017;EURSEK;-0.02;-0.7
30/10/2017;EURSGD;-1.5;0.45
30/10/2017;EURUSD;-0.66;0.36
30/10/2017;EURZAR;-24;17
30/10/2017;GBPAUD;-0.74;0.41
30/10/2017;GBPCAD;-0.55;0.2
30/10/2017;GBPCHF;0.18;-0.3
30/10/2017;GBPJPY;-0.02;-0.33
30/10/2017;GBPNZD;-1.25;0.9
30/10/2017;GBPSEK;-6.9;2.2
30/10/2017;GBPUSD;-0.52;0.32
30/10/2017;GOLD;-5.5;1.8
30/10/2017;LTC (Litecoin);-0.00069;0
30/10/2017;NOKSEK;-0.07;-0.35
30/10/2017;NZDCAD;0.2;-0.5
30/10/2017;NZDCHF;0.61;-0.83
30/10/2017;NZDJPY;0.46;-0.6
30/10/2017;NZDSGD;0.2;-0.5
30/10/2017;NZDUSD;0.2;-0.46
30/10/2017;SILVER;-0.15;-0.15
30/10/2017;USDCAD;0.01;-0.18
30/10/2017;USDCHF;0.48;-0.75
30/10/2017;USDCZK;-3.2;-0.3
30/10/2017;USDDKK;0.08;-2.36
30/10/2017;USDHUF;-4.5;3.1
30/10/2017;USDJPY;0.2;-0.4
30/10/2017;USDNOK;-0.4;-2.1
30/10/2017;USDRUB;-44.2;23.8
30/10/2017;USDSEK;2.34;-5.1
30/10/2017;USDSGD;-0.06;-0.45
30/10/2017;XAGUSD;-0.15;-0.15
30/10/2017;XAUUSD;-5.5;1.8
30/10/2017;XMR (Monero);-0.00069;0
30/10/2017;XPDUSD;-3;-0.5
30/10/2017;XPTUSD;-3.5;0.7
30/10/2017;ZEC (Zcash);-0.00069;0
27/11/2017;AUDCAD;0.09;-0.25
27/11/2017;AUDCHF;0.4;-0.65
27/11/2017;AUDJPY;0.3;-0.48
27/11/2017;AUDNZD;-0.19;0.09
27/11/2017;AUDUSD;0.03;-0.15
27/11/2017;BTC (Bitcoin);-0.00069;0
27/11/2017;CADJPY;0.18;-0.38
27/11/2017;CHFJPY;-0.2;-0.05
27/11/2017;DASH (Dash);-0.00069;0
27/11/2017;ETC (Ethereum Classic);-0.00069;0
27/11/2017;ETH (Ethereum);-0.00069;0
27/11/2017;EURAUD;-0.99;0.66
27/11/2017;EURCAD;-0.6;0.34
27/11/2017;EURCHF;-0.03;-0.26
27/11/2017;EURCZK;-0.28;-0.6
27/11/2017;EURDKK;-0.05;-0.05
27/11/2017;EURGBP;-0.25;0.03
27/11/2017;EURJPY;-0.35;0.11
27/11/2017;EURNOK;-3.7;2.9
27/11/2017;EURNZD;-1.2;1
27/11/2017;EURRUB;-58.5;31.5
27/11/2017;EURSEK;-0.02;-0.64
27/11/2017;EURSGD;-1.8;0.6
27/11/2017;EURUSD;-0.6;0.34
27/11/2017;EURZAR;-24;17
27/11/2017;GBPAUD;-0.7;0.35
27/11/2017;GBPCAD;-0.38;0.12
27/11/2017;GBPCHF;0.21;-0.38
27/11/2017;GBPJPY;-0.02;-0.53
27/11/2017;GBPNZD;-1.25;0.75
27/11/2017;GBPSEK;-6.9;2.2
27/11/2017;GBPUSD;-0.37;0.16
27/11/2017;GOLD;-6.1;0.5
27/11/2017;LTC (Litecoin);-0.00069;0
27/11/2017;NOKSEK;-0.07;-0.35
27/11/2017;NZDCAD;0.2;-0.5
27/11/2017;NZDCHF;0.55;-0.83
27/11/2017;NZDJPY;0.41;-0.6
27/11/2017;NZDSGD;0.2;-0.5
27/11/2017;NZDUSD;0.15;-0.29
27/11/2017;SILVER;-0.25;-0.2
27/11/2017;USDCAD;0.02;-0.21
27/11/2017;USDCHF;0.47;-0.74
27/11/2017;USDCZK;-3.2;-0.3
27/11/2017;USDDKK;0.08;-2.36
27/11/2017;USDHUF;-4.5;3.1
27/11/2017;USDJPY;0.21;-0.36
27/11/2017;USDNOK;-0.4;-2.1
27/11/2017;USDRUB;-44.2;23.8
27/11/2017;USDSEK;2.34;-5.1
27/11/2017;USDSGD;-0.3;-0.2
27/11/2017;XAGUSD;-0.25;-0.2
27/11/2017;XAUUSD;-6.1;0.5
27/11/2017;XMR (Monero);-0.00069;0
27/11/2017;XPDUSD;-3;-0.5
27/11/2017;XPTUSD;-3.5;0.7
27/11/2017;ZEC (Zcash);-0.00069;0
26/12/2017;AUDCAD;-0.15;-0.2
26/12/2017;AUDCHF;0.3;-0.6
26/12/2017;AUDJPY;0.2;-0.5
26/12/2017;AUDNZD;-0.4;0.15
26/12/2017;AUDUSD;-0.3;0.05
26/12/2017;BTC (Bitcoin);-0.00069;0
26/12/2017;CADJPY;0.25;-0.5
26/12/2017;CHFJPY;-0.2;-0.05
26/12/2017;DASH (Dash);-0.00069;0
26/12/2017;ETC (Ethereum Classic);-0.00069;0
26/12/2017;ETH (Ethereum);-0.00069;0
26/12/2017;EURAUD;-0.9;0.5
26/12/2017;EURCAD;-0.56;0.34
26/12/2017;EURCHF;-0.05;-0.28
26/12/2017;EURCZK;-0.28;-0.6
26/12/2017;EURDKK;-0.1;-0.1
26/12/2017;EURGBP;-0.24;0.03
26/12/2017;EURJPY;-0.2;0.1
26/12/2017;EURNOK;-3.5;2.6
26/12/2017;EURNZD;-1.2;1.1
26/12/2017;EURRUB;-58.5;31.5
26/12/2017;EURSEK;-0.05;-0.1
26/12/2017;EURSGD;-1.8;0.6
26/12/2017;EURUSD;-0.65;0.4
26/12/2017;EURZAR;-24;17
26/12/2017;GBPAUD;-0.5;0.1
26/12/2017;GBPCAD;-0.4;0.1
26/12/2017;GBPCHF;0.24;-0.43
26/12/2017;GBPJPY;-0.02;-0.65
26/12/2017;GBPNZD;-1.2;0.8
26/12/2017;GBPSEK;-6.9;2.2
26/12/2017;GBPUSD;-0.4;0.22
26/12/2017;GOLD;-6.3;0.55
26/12/2017;LTC (Litecoin);-0.00069;0
26/12/2017;NOKSEK;-0.07;-0.35
26/12/2017;NZDCAD;0.22;-0.5
26/12/2017;NZDCHF;0.65;-0.9
26/12/2017;NZDJPY;0.53;-0.62
26/12/2017;NZDSGD;0.1;-0.45
26/12/2017;NZDUSD;0.15;-0.27
26/12/2017;SILVER;-0.25;-0.25
26/12/2017;USDCAD;0.1;-0.29
26/12/2017;USDCHF;0.55;-0.8
26/12/2017;USDCZK;-3.2;-0.3
26/12/2017;USDDKK;0.08;-2.8
26/12/2017;USDHUF;-4.5;3.1
26/12/2017;USDJPY;0.25;-0.45
26/12/2017;USDNOK;-0.55;-2.9
26/12/2017;USDRUB;-44.2;23.8
26/12/2017;USDSEK;2.9;-4.6
26/12/2017;USDSGD;-0.15;-0.35
26/12/2017;XAGUSD;-0.25;-0.25
26/12/2017;XAUUSD;-6.3;0.55
26/12/2017;XMR (Monero);-0.00069;0
26/12/2017;XPDUSD;-3;-0.5
26/12/2017;XPTUSD;-3.5;0.7
26/12/2017;ZEC (Zcash);-0.00069;0
29/01/2018;AUDCAD;0.04;-0.37
29/01/2018;AUDCHF;0.25;-0.95
29/01/2018;AUDJPY;0.34;-0.7
29/01/2018;AUDNZD;-0.25;-0.01
29/01/2018;AUDUSD;-0.02;-0.15
29/01/2018;BTC (Bitcoin);-0.00069;0
29/01/2018;CADJPY;0.2;-0.71
29/01/2018;CHFJPY;-0.42;0.09
29/01/2018;DASH (Dash);-0.00069;0
29/01/2018;ETC (Ethereum Classic);-0.00069;0
29/01/2018;ETH (Ethereum);-0.00069;0
29/01/2018;EURAUD;-1.3;0.6
29/01/2018;EURCAD;-0.92;0.55
29/01/2018;EURCHF;0.05;-0.3
29/01/2018;EURCZK;-0.28;-0.6
29/01/2018;EURDKK;-0.03;-3.02
29/01/2018;EURGBP;-0.32;0.15
29/01/2018;EURJPY;-0.23;0.05
29/01/2018;EURNOK;-15;-6
29/01/2018;EURNZD;-1.8;0.6
29/01/2018;EURRUB;-58.5;31.5
29/01/2018;EURSEK;-0.3;-1.4
29/01/2018;EURSGD;-0.6;0.15
29/01/2018;EURUSD;-0.82;0.54
29/01/2018;EURZAR;-24;17
29/01/2018;GBPAUD;-0.9;0.38
29/01/2018;GBPCAD;-0.63;0.2
29/01/2018;GBPCHF;0.35;-0.65
29/01/2018;GBPJPY;0.19;-0.42
29/01/2018;GBPNZD;-2;0.2
29/01/2018;GBPSEK;-6.9;2.2
29/01/2018;GBPUSD;-0.61;0.25
29/01/2018;GOLD;-6.1;0.57
29/01/2018;LTC (Litecoin);-0.00069;0
29/01/2018;NOKSEK;-0.07;-0.35
29/01/2018;NZDCAD;0.1;-0.38
29/01/2018;NZDCHF;0.28;-0.95
29/01/2018;NZDJPY;0.4;-0.65
29/01/2018;NZDSGD;0.25;-0.8
29/01/2018;NZDUSD;0.05;-0.2
29/01/2018;SILVER;-0.25;-0.25
29/01/2018;USDCAD;-0.03;-0.24
29/01/2018;USDCHF;0.5;-0.78
29/01/2018;USDCZK;-3.2;-0.3
29/01/2018;USDDKK;1.5;-5.8
29/01/2018;USDHUF;-4.5;3.1
29/01/2018;USDJPY;0.41;-0.68
29/01/2018;USDNOK;-1.95;-7.8
29/01/2018;USDRUB;-44.2;23.8
29/01/2018;USDSEK;0.01;-10
29/01/2018;USDSGD;0.2;-0.8
29/01/2018;XAGUSD;-0.25;-0.25
29/01/2018;XAUUSD;-6.1;0.57
29/01/2018;XMR (Monero);-0.00069;0
29/01/2018;XPDUSD;-3;-0.5
29/01/2018;XPTUSD;-3.5;0.7
29/01/2018;ZEC (Zcash);-0.00069;0
26/02/2018;AUDCAD;0.05;-0.37
26/02/2018;AUDCHF;0.25;-0.9
26/02/2018;AUDJPY;0.3;-0.7
26/02/2018;AUDNZD;-0.25;-0.02
26/02/2018;AUDUSD;-0.04;-0.1
26/02/2018;BTC (Bitcoin);-0.00069;0
26/02/2018;CADJPY;0.22;-0.5
26/02/2018;CHFJPY;-0.42;0.09
26/02/2018;DASH (Dash);-0.00069;0
26/02/2018;ETC (Ethereum Classic);-0.00069;0
26/02/2018;ETH (Ethereum);-0.00069;0
26/02/2018;EURAUD;-1.4;0.65
26/02/2018;EURCAD;-0.95;0.56
26/02/2018;EURCHF;0.04;-0.26
26/02/2018;EURCZK;-0.28;-0.6
26/02/2018;EURDKK;-0.3;-3.1
26/02/2018;EURGBP;-0.32;0.14
26/02/2018;EURJPY;-0.15;-0.01
26/02/2018;EURNOK;-15;-6
26/02/2018;EURNZD;-1.8;0.6
26/02/2018;EURRUB;-58.5;31.5
26/02/2018;EURSEK;-0.2;-1.95
26/02/2018;EURSGD;-0.8;0.15
26/02/2018;EURUSD;-0.92;0.49
26/02/2018;EURZAR;-24;17
26/02/2018;GBPAUD;-0.95;0.38
26/02/2018;GBPCAD;-0.6;0.2
26/02/2018;GBPCHF;0.33;-0.65
26/02/2018;GBPJPY;0.22;-0.46
26/02/2018;GBPNZD;-1.5;0.35
26/02/2018;GBPSEK;-6.9;2.2
26/02/2018;GBPUSD;-0.59;0.25
26/02/2018;GOLD;-6.7;0.8
26/02/2018;LTC (Litecoin);-0.00069;0
26/02/2018;NOKSEK;-0.07;-0.35
26/02/2018;NZDCAD;0.1;-0.45
26/02/2018;NZDCHF;0.3;-0.9
26/02/2018;NZDJPY;0.4;-0.65
26/02/2018;NZDSGD;0.25;-0.8
26/02/2018;NZDUSD;0.07;-0.23
26/02/2018;SILVER;-0.2;-0.2
26/02/2018;USDCAD;0.04;-0.27
26/02/2018;USDCHF;0.46;-0.79
26/02/2018;USDCZK;-3.2;-0.3
26/02/2018;USDDKK;1.5;-5.8
26/02/2018;USDHUF;-4.5;3.1
26/02/2018;USDJPY;0.42;-0.71
26/02/2018;USDNOK;-2.1;-7.9
26/02/2018;USDRUB;-44.2;23.8
26/02/2018;USDSEK;-0.02;-11
26/02/2018;USDSGD;0.2;-0.8
26/02/2018;XAGUSD;-0.2;-0.2
26/02/2018;XAUUSD;-6.7;0.8
26/02/2018;XMR (Monero);-0.00069;0
26/02/2018;XPDUSD;-3;-0.5
26/02/2018;XPTUSD;-3.5;0.7
26/02/2018;ZEC (Zcash);-0.00069;0
02/04/2018;AUDCAD;0.05;-0.4
02/04/2018;AUDCHF;0.3;-0.9
02/04/2018;AUDJPY;0.22;-0.6
02/04/2018;AUDNZD;-0.05;-0.25
02/04/2018;AUDUSD;-0.08;-0.06
02/04/2018;BTC (Bitcoin);-0.00069;0
02/04/2018;CADJPY;0.15;-0.4
02/04/2018;CHFJPY;-0.55;0.2
02/04/2018;DASH (Dash);-0.00069;0
02/04/2018;ETC (Ethereum Classic);-0.00069;0
02/04/2018;ETH (Ethereum);-0.00069;0
02/04/2018;EURAUD;-1.35;0.65
02/04/2018;EURCAD;-0.9;0.55
02/04/2018;EURCHF;0.1;-0.3
02/04/2018;EURCZK;-0.28;-0.6
02/04/2018;EURDKK;-1.8;-3
02/04/2018;EURGBP;-0.35;0.15
02/04/2018;EURJPY;-0.4;0.1
02/04/2018;EURNOK;-14;-6
02/04/2018;EURNZD;-1.3;0.7
02/04/2018;EURRUB;-58.5;31.5
02/04/2018;EURSEK;-1;-3.5
02/04/2018;EURSGD;-1.2;0.25
02/04/2018;EURUSD;-1;0.5
02/04/2018;EURZAR;-24;17
02/04/2018;GBPAUD;-0.95;0.4
02/04/2018;GBPCAD;-0.6;0.2
02/04/2018;GBPCHF;0.38;-0.7
02/04/2018;GBPJPY;0.08;-0.3
02/04/2018;GBPNZD;-1.4;0.2
02/04/2018;GBPSEK;-6.9;2.2
02/04/2018;GBPUSD;-0.71;0.31
02/04/2018;GOLD;-6.9;0.87
02/04/2018;LTC (Litecoin);-0.00069;0
02/04/2018;NOKSEK;-0.07;-0.35
02/04/2018;NZDCAD;0.05;-0.3
02/04/2018;NZDCHF;0.3;-0.8
02/04/2018;NZDJPY;0.3;-0.5
02/04/2018;NZDSGD;0.1;-0.5
02/04/2018;NZDUSD;-0.15;0.05
02/04/2018;SILVER;-0.1;-0.1
02/04/2018;USDCAD;0.1;-0.37
02/04/2018;USDCHF;0.55;-0.85
02/04/2018;USDCZK;-3.2;-0.3
02/04/2018;USDDKK;1.9;-6.5
02/04/2018;USDHUF;-4.5;3.1
02/04/2018;USDJPY;0.4;-0.65
02/04/2018;USDNOK;-3.5;-10.5
02/04/2018;USDRUB;-44.2;23.8
02/04/2018;USDSEK;-0.02;-13
02/04/2018;USDSGD;0.15;-0.7
02/04/2018;XAGUSD;-0.1;-0.1
02/04/2018;XAUUSD;-6.9;0.87
02/04/2018;XMR (Monero);-0.00069;0
02/04/2018;XPDUSD;-3;-0.5
02/04/2018;XPTUSD;-3.5;0.7
02/04/2018;ZEC (Zcash);-0.00069;0
30/04/2018;AUDCAD;0.05;-0.43
30/04/2018;AUDCHF;0.3;-0.8
30/04/2018;AUDJPY;0.3;-0.8
30/04/2018;AUDNZD;-0.2;-0.19
30/04/2018;AUDUSD;-0.06;-0.16
30/04/2018;BTC (Bitcoin);-0.00069;0
30/04/2018;CADJPY;0.3;-0.5
30/04/2018;CHFJPY;-0.3;-0.02
30/04/2018;DASH (Dash);-0.00069;0
30/04/2018;ETC (Ethereum Classic);-0.00069;0
30/04/2018;ETH (Ethereum);-0.00069;0
30/04/2018;EURAUD;-1.5;0.7
30/04/2018;EURCAD;-0.9;0.6
30/04/2018;EURCHF;0.04;-0.4
30/04/2018;EURCZK;-0.28;-0.6
30/04/2018;EURDKK;-0.8;-3
30/04/2018;EURGBP;-0.5;0.15
30/04/2018;EURJPY;-0.2;-0.08
30/04/2018;EURNOK;-15;-6
30/04/2018;EURNZD;-1.57;0.81
30/04/2018;EURRUB;-58.5;31.5
30/04/2018;EURSEK;-0.8;-3
30/04/2018;EURSGD;-1.12;0.26
30/04/2018;EURUSD;-1.07;0.52
30/04/2018;EURZAR;-24;17
30/04/2018;GBPAUD;-1.14;0.4
30/04/2018;GBPCAD;-0.6;0.2
30/04/2018;GBPCHF;0.43;-0.87
30/04/2018;GBPJPY;0.25;-0.6
30/04/2018;GBPNZD;-1.92;0.54
30/04/2018;GBPSEK;-6.9;2.2
30/04/2018;GBPUSD;-0.85;0.33
30/04/2018;GOLD;-4.5;1.6
30/04/2018;LTC (Litecoin);-0.00069;0
30/04/2018;NOKSEK;-0.07;-0.35
30/04/2018;NZDCAD;0.07;-0.4
30/04/2018;NZDCHF;0.3;-0.9
30/04/2018;NZDJPY;0.38;-0.65
30/04/2018;NZDSGD;0.13;-0.8
30/04/2018;NZDUSD;0.1;-0.3
30/04/2018;SILVER;-0.05;-0.06
30/04/2018;USDCAD;0.09;-0.38
30/04/2018;USDCHF;0.57;-0.95
30/04/2018;USDCZK;-3.2;-0.3
30/04/2018;USDDKK;1.9;-6.5
30/04/2018;USDHUF;-4.5;3.1
30/04/2018;USDJPY;0.55;-0.9
30/04/2018;USDNOK;-3.5;-10.5
30/04/2018;USDRUB;-44.2;23.8
30/04/2018;USDSEK;-0.04;-13
30/04/2018;USDSGD;0.2;-1
30/04/2018;XAGUSD;-0.05;-0.06
30/04/2018;XAUUSD;-4.5;1.6
30/04/2018;XMR (Monero);-0.00069;0
30/04/2018;XPDUSD;-3;-0.5
30/04/2018;XPTUSD;-3.5;0.7
30/04/2018;ZEC (Zcash);-0.00069;0
04/06/2018;AUDCAD;-0.03;-0.3
04/06/2018;AUDCHF;0.3;-0.75
04/06/2018;AUDJPY;0.32;-0.7
04/06/2018;AUDNZD;-0.3;0.3
04/06/2018;AUDUSD;-0.1;0.02
04/06/2018;BTC (Bitcoin);-0.00069;0
04/06/2018;CADJPY;0.3;-0.55
04/06/2018;CHFJPY;-0.4;0.11
04/06/2018;DASH (Dash);-0.00069;0
04/06/2018;ETC (Ethereum Classic);-0.00069;0
04/06/2018;ETH (Ethereum);-0.00069;0
04/06/2018;EURAUD;-1.3;0.6
04/06/2018;EURCAD;-0.9;0.6
04/06/2018;EURCHF;0.08;-0.25
04/06/2018;EURCZK;-0.28;-0.6
04/06/2018;EURDKK;-3;-1
04/06/2018;EURGBP;-0.36;0.15
04/06/2018;EURJPY;-0.25;0.07
04/06/2018;EURNOK;-15;-6.5
04/06/2018;EURNZD;-1.6;0.8
04/06/2018;EURRUB;-58.5;31.5
04/06/2018;EURSEK;-0.05;-2
04/06/2018;EURSGD;-1.3;0.4
04/06/2018;EURUSD;-1;0.5
04/06/2018;EURZAR;-24;17
04/06/2018;GBPAUD;-0.8;0.4
04/06/2018;GBPCAD;-0.65;0.2
04/06/2018;GBPCHF;0.37;-0.65
04/06/2018;GBPJPY;0.22;-0.49
04/06/2018;GBPNZD;-1.2;0.6
04/06/2018;GBPSEK;-6.9;2.2
04/06/2018;GBPUSD;-0.7;0.3
04/06/2018;GOLD;-4.7;1.7
04/06/2018;LTC (Litecoin);-0.00069;0
04/06/2018;NOKSEK;-0.07;-0.35
04/06/2018;NZDCAD;0.1;-0.4
04/06/2018;NZDCHF;0.3;-0.9
04/06/2018;NZDJPY;0.4;-0.65
04/06/2018;NZDSGD;0.08;-0.5
04/06/2018;NZDUSD;-0.02;-0.15
04/06/2018;SILVER;-0.04;-0.06
04/06/2018;USDCAD;0.09;-0.35
04/06/2018;USDCHF;0.56;-0.92
04/06/2018;USDCZK;-3.2;-0.3
04/06/2018;USDDKK;1.6;-6.2
04/06/2018;USDHUF;-4.5;3.1
04/06/2018;USDJPY;0.49;-0.8
04/06/2018;USDNOK;-4;-10.5
04/06/2018;USDRUB;-44.2;23.8
04/06/2018;USDSEK;-0.04;-14
04/06/2018;USDSGD;0.1;-0.4
04/06/2018;XAGUSD;-0.04;-0.06
04/06/2018;XAUUSD;-4.7;1.7
04/06/2018;XMR (Monero);-0.00069;0
04/06/2018;XPDUSD;-3;-0.5
04/06/2018;XPTUSD;-3.5;0.7
04/06/2018;ZEC (Zcash);-0.00069;0
02/07/2018;AUDCAD;0.07;-0.45
02/07/2018;AUDCHF;0.35;-0.8
02/07/2018;AUDJPY;0.4;-0.85
02/07/2018;AUDNZD;-0.1;-0.2
02/07/2018;AUDUSD;-0.02;-0.13
02/07/2018;BTC (Bitcoin);-0.00069;0
02/07/2018;CADJPY;0.3;-0.55
02/07/2018;CHFJPY;-0.3;0.1
02/07/2018;DASH (Dash);-0.00069;0
02/07/2018;ETC (Ethereum Classic);-0.00069;0
02/07/2018;ETH (Ethereum);-0.00069;0
02/07/2018;EURAUD;-1.5;0.75
02/07/2018;EURCAD;-1;0.6
02/07/2018;EURCHF;0.06;-0.27
02/07/2018;EURCZK;-0.28;-0.6
02/07/2018;EURDKK;-2;-4
02/07/2018;EURGBP;-0.35;0.15
02/07/2018;EURJPY;-0.1;-0.07
02/07/2018;EURNOK;-16;-6.6
02/07/2018;EURNZD;-1.6;0.85
02/07/2018;EURRUB;-58.5;31.5
02/07/2018;EURSEK;-1.3;-3.5
02/07/2018;EURSGD;-1;0.3
02/07/2018;EURUSD;-1.12;0.57
02/07/2018;EURZAR;-24;17
02/07/2018;GBPAUD;-1.2;0.52
02/07/2018;GBPCAD;-0.7;0.25
02/07/2018;GBPCHF;0.39;-0.69
02/07/2018;GBPJPY;0.25;-0.56
02/07/2018;GBPNZD;-1.2;0.6
02/07/2018;GBPSEK;-6.9;2.2
02/07/2018;GBPUSD;-0.82;0.37
02/07/2018;GOLD;-4.9;1.9
02/07/2018;LTC (Litecoin);-0.00069;0
02/07/2018;NOKSEK;-0.07;-0.35
02/07/2018;NZDCAD;0.1;-0.4
02/07/2018;NZDCHF;0.3;-0.9
02/07/2018;NZDJPY;0.4;-0.65
02/07/2018;NZDSGD;0.15;-0.6
02/07/2018;NZDUSD;-0.07;-0.02
02/07/2018;SILVER;-0.04;-0.06
02/07/2018;USDCAD;0.16;-0.43
02/07/2018;USDCHF;0.64;-0.98
02/07/2018;USDCZK;-3.2;-0.3
02/07/2018;USDDKK;2.4;-7.5
02/07/2018;USDHUF;-4.5;3.1
02/07/2018;USDJPY;0.61;-0.92
02/07/2018;USDNOK;-4;-12
02/07/2018;USDRUB;-44.2;23.8
02/07/2018;USDSEK;-0.04;-15
02/07/2018;USDSGD;0.2;-0.85
02/07/2018;XAGUSD;-0.04;-0.06
02/07/2018;XAUUSD;-4.9;1.9
02/07/2018;XMR (Monero);-0.00069;0
02/07/2018;XPDUSD;-3;-0.5
02/07/2018;XPTUSD;-3.5;0.7
02/07/2018;ZEC (Zcash);-0.00069;0
30/07/2018;AUDCAD;-0.06;-0.2
30/07/2018;AUDCHF;0.3;-0.7
30/07/2018;AUDJPY;0.3;-0.7
30/07/2018;AUDNZD;-0.25;0.05
30/07/2018;AUDUSD;-0.18;0.03
30/07/2018;BCH (Bitcoin Cash);-0.00069;0
30/07/2018;BTC (Bitcoin);-0.00069;0
30/07/2018;CADJPY;0.3;-0.55
30/07/2018;CHFJPY;-0.35;0.1
30/07/2018;DASH (Dash);-0.00069;0
30/07/2018;ETC (Ethereum Classic);-0.00069;0
30/07/2018;ETH (Ethereum);-0.00069;0
30/07/2018;EURAUD;-1.1;0.5
30/07/2018;EURCAD;-1;0.65
30/07/2018;EURCHF;0.07;-0.28
30/07/2018;EURCZK;-0.28;-0.6
30/07/2018;EURDKK;-0.8;-3.5
30/07/2018;EURGBP;-0.36;0.16
30/07/2018;EURJPY;-0.2;0.01
30/07/2018;EURNOK;-15;-5.5
30/07/2018;EURNZD;-1.5;0.88
30/07/2018;EURRUB;-58.5;31.5
30/07/2018;EURSEK;-1.05;-2.5
30/07/2018;EURSGD;-1.3;0.38
30/07/2018;EURUSD;-1.3;0.55
30/07/2018;EURZAR;-24;17
30/07/2018;GBPAUD;-0.9;0.35
30/07/2018;GBPCAD;-0.7;0.22
30/07/2018;GBPCHF;0.36;-0.66
30/07/2018;GBPJPY;0.2;-0.45
30/07/2018;GBPNZD;-1.3;0.65
30/07/2018;GBPSEK;-6.9;2.2
30/07/2018;GBPUSD;-0.75;0.35
30/07/2018;GOLD;-4.8;1.8
30/07/2018;LTC (Litecoin);-0.00069;0
30/07/2018;NOKSEK;-0.07;-0.35
30/07/2018;NZDCAD;0.05;-0.25
30/07/2018;NZDCHF;0.33;-0.8
30/07/2018;NZDJPY;0.4;-0.65
30/07/2018;NZDSGD;0.08;-0.4
30/07/2018;NZDUSD;-0.07;-0.07
30/07/2018;SILVER;-0.05;-0.03
30/07/2018;USDCAD;0.08;-0.33
30/07/2018;USDCHF;0.63;-0.96
30/07/2018;USDCZK;-3.2;-0.3
30/07/2018;USDDKK;2.4;-7.5
30/07/2018;USDHUF;-4.5;3.1
30/07/2018;USDJPY;0.55;-0.85
30/07/2018;USDNOK;-4;-13
30/07/2018;USDRUB;-44.2;23.8
30/07/2018;USDSEK;-0.04;-15
30/07/2018;USDSGD;0.1;-0.5
30/07/2018;XAGUSD;-0.05;-0.03
30/07/2018;XAUUSD;-4.8;1.8
30/07/2018;XMR (Monero);-0.00069;0
30/07/2018;XPDUSD;-3;-0.5
30/07/2018;XPTUSD;-3.5;0.7
30/07/2018;XRP (Ripple);-0.00069;0
30/07/2018;ZEC (Zcash);-0.00069;0
03/09/2018;AUDCAD;-0.02;-0.3
03/09/2018;AUDCHF;0.3;-0.7
03/09/2018;AUDJPY;0.3;-0.65
03/09/2018;AUDNZD;-0.15;-0.1
03/09/2018;AUDUSD;-0.02;-0.04
03/09/2018;BCH (Bitcoin Cash);-0.00069;0
03/09/2018;BTC (Bitcoin);-0.00069;0
03/09/2018;CADJPY;0.3;-0.55
03/09/2018;CHFJPY;-0.38;0.1
03/09/2018;DASH (Dash);-0.00069;0
03/09/2018;ETC (Ethereum Classic);-0.00069;0
03/09/2018;ETH (Ethereum);-0.00069;0
03/09/2018;EURAUD;-1.3;0.55
03/09/2018;EURCAD;-1.05;0.61
03/09/2018;EURCHF;0.06;-0.23
03/09/2018;EURCZK;-0.28;-0.6
03/09/2018;EURDKK;-0.5;-3.6
03/09/2018;EURGBP;-0.44;0.2
03/09/2018;EURJPY;-0.2;0.05
03/09/2018;EURNOK;-15;-5.9
03/09/2018;EURNZD;-1.4;0.8
03/09/2018;EURRUB;-58.5;31.5
03/09/2018;EURSEK;-0.7;-3.4
03/09/2018;EURSGD;-1.6;0.42
03/09/2018;EURUSD;-1.07;0.57
03/09/2018;EURZAR;-24;17
03/09/2018;GBPAUD;-0.7;0.3
03/09/2018;GBPCAD;-0.5;0.15
03/09/2018;GBPCHF;0.43;-0.71
03/09/2018;GBPJPY;0.27;-0.51
03/09/2018;GBPNZD;-0.8;0.4
03/09/2018;GBPSEK;-6.9;2.2
03/09/2018;GBPUSD;-0.64;0.3
03/09/2018;GOLD;-4.6;1.95
03/09/2018;LTC (Litecoin);-0.00069;0
03/09/2018;NOKSEK;-0.07;-0.35
03/09/2018;NZDCAD;0.05;-0.3
03/09/2018;NZDCHF;0.25;-0.7
03/09/2018;NZDJPY;0.35;-0.6
03/09/2018;NZDSGD;-0.1;-0.12
03/09/2018;NZDUSD;-0.05;-0.02
03/09/2018;SILVER;-0.05;0.02
03/09/2018;USDCAD;0.11;-0.26
03/09/2018;USDCHF;0.63;-0.92
03/09/2018;USDCZK;-3.2;-0.3
03/09/2018;USDDKK;2.2;-7.5
03/09/2018;USDHUF;-4.5;3.1
03/09/2018;USDJPY;0.56;-0.84
03/09/2018;USDNOK;-4.25;-13
03/09/2018;USDRUB;-44.2;23.8
03/09/2018;USDSEK;-0.02;-15
03/09/2018;USDSGD;0.03;-0.3
03/09/2018;XAGUSD;-0.05;0.02
03/09/2018;XAUUSD;-4.6;1.95
03/09/2018;XMR (Monero);-0.00069;0
03/09/2018;XPDUSD;-3;-0.5
03/09/2018;XPTUSD;-3.5;0.7
03/09/2018;XRP (Ripple);-0.00069;0
03/09/2018;ZEC (Zcash);-0.00069;0
01/10/2018;AUDCAD;0.032;-0.36
01/10/2018;AUDCHF;0.3;-0.75
01/10/2018;AUDJPY;0.35;-0.86
01/10/2018;AUDNZD;-0.1;-0.18
01/10/2018;AUDUSD;-0.1;-0.02
01/10/2018;BCH (Bitcoin Cash);-0.00069;0
01/10/2018;BTC (Bitcoin);-0.00069;0
01/10/2018;CADJPY;0.32;-0.65
01/10/2018;CHFJPY;-0.36;-0.01
01/10/2018;DASH (Dash);-0.00069;0
01/10/2018;ETC (Ethereum Classic);-0.00069;0
01/10/2018;ETH (Ethereum);-0.00069;0
01/10/2018;EURAUD;-1.3;0.55
01/10/2018;EURCAD;-1.05;0.63
01/10/2018;EURCHF;0.06;-0.23
01/10/2018;EURCZK;-0.28;-0.6
01/10/2018;EURDKK;-2.1;-4.3
01/10/2018;EURGBP;-0.46;0.22
01/10/2018;EURJPY;-0.12;-0.08
01/10/2018;EURNOK;-13;-4.9
01/10/2018;EURNZD;-1.5;0.8
01/10/2018;EURRUB;-58.5;31.5
01/10/2018;EURSEK;-1;-3.4
01/10/2018;EURSGD;-1.2;0.35
01/10/2018;EURUSD;-1.1;0.36
01/10/2018;EURZAR;-24;17
01/10/2018;GBPAUD;-0.9;0.35
01/10/2018;GBPCAD;-0.58;0.15
01/10/2018;GBPCHF;0.46;-0.75
01/10/2018;GBPJPY;0.36;-0.66
01/10/2018;GBPNZD;-1;0.4
01/10/2018;GBPSEK;-6.9;2.2
01/10/2018;GBPUSD;-0.7;0.33
01/10/2018;GOLD;-4.3;1.8
01/10/2018;LTC (Litecoin);-0.00069;0
01/10/2018;NOKSEK;-0.07;-0.35
01/10/2018;NZDCAD;0.03;-0.3
01/10/2018;NZDCHF;0.27;-0.7
01/10/2018;NZDJPY;0.35;-0.6
01/10/2018;NZDSGD;0.07;-0.4
01/10/2018;NZDUSD;-0.09;-0.15
01/10/2018;SILVER;-0.06;0.02
01/10/2018;USDCAD;0.14;-0.35
01/10/2018;USDCHF;0.57;-0.93
01/10/2018;USDCZK;-3.2;-0.3
01/10/2018;USDDKK;2.2;-7.5
01/10/2018;USDHUF;-4.5;3.1
01/10/2018;USDJPY;0.6;-0.9
01/10/2018;USDNOK;-4.6;-14
01/10/2018;USDRUB;-44.2;23.8
01/10/2018;USDSEK;-0.02;-15
01/10/2018;USDSGD;0.15;-0.57
01/10/2018;XAGUSD;-0.06;0.02
01/10/2018;XAUUSD;-4.3;1.8
01/10/2018;XMR (Monero);-0.00069;0
01/10/2018;XPDUSD;-3;-0.5
01/10/2018;XPTUSD;-3.5;0.7
01/10/2018;XRP (Ripple);-0.00069;0
01/10/2018;ZEC (Zcash);-0.00069;0
29/10/2018;AUDCAD;-0.02;-0.32
29/10/2018;AUDCHF;0.4;-0.75
29/10/2018;AUDJPY;0.3;-0.75
29/10/2018;AUDNZD;0.03;-0.35
29/10/2018;AUDUSD;-0.15;-0.03
29/10/2018;BCH (Bitcoin Cash);-0.00069;0
29/10/2018;BTC (Bitcoin);-0.00069;0
29/10/2018;CADJPY;0.3;-0.7
29/10/2018;CHFJPY;-0.42;0.06
29/10/2018;DASH (Dash);-0.00069;0
29/10/2018;ETC (Ethereum Classic);-0.00069;0
29/10/2018;ETH (Ethereum);-0.00069;0
29/10/2018;EURAUD;-1.5;0.7
29/10/2018;EURCAD;-1.2;0.65
29/10/2018;EURCHF;0.06;-0.25
29/10/2018;EURCZK;-0.28;-0.6
29/10/2018;EURDKK;-0.1;-2.9
29/10/2018;EURGBP;-0.44;0.22
29/10/2018;EURJPY;-0.2;-0.02
29/10/2018;EURNOK;-17;-6.6
29/10/2018;EURNZD;-1.3;0.6
29/10/2018;EURRUB;-58.5;31.5
29/10/2018;EURSEK;-2.8;-7
29/10/2018;EURSGD;-1.5;0.2
29/10/2018;EURUSD;-1.15;0.5
29/10/2018;EURZAR;-24;17
29/10/2018;GBPAUD;-1.1;0.25
29/10/2018;GBPCAD;-0.85;0.25
29/10/2018;GBPCHF;0.35;-0.8
29/10/2018;GBPJPY;0.23;-0.62
29/10/2018;GBPNZD;-0.65;0.25
29/10/2018;GBPSEK;-6.9;2.2
29/10/2018;GBPUSD;-0.83;0.29
29/10/2018;GOLD;-4.95;2.61
29/10/2018;LTC (Litecoin);-0.00069;0
29/10/2018;NOKSEK;-0.07;-0.35
29/10/2018;NZDCAD;-0.2;-0.05
29/10/2018;NZDCHF;0.25;-0.63
29/10/2018;NZDJPY;0.22;-0.53
29/10/2018;NZDSGD;-0.07;-0.2
29/10/2018;NZDUSD;-0.22;0.08
29/10/2018;SILVER;-0.07;0.02
29/10/2018;USDCAD;0.1;-0.35
29/10/2018;USDCHF;0.6;-1.2
29/10/2018;USDCZK;-3.2;-0.3
29/10/2018;USDDKK;2.4;-9
29/10/2018;USDHUF;-4.5;3.1
29/10/2018;USDJPY;0.5;-1.1
29/10/2018;USDNOK;-1;-9
29/10/2018;USDRUB;-44.2;23.8
29/10/2018;USDSEK;-1.6;-14
29/10/2018;USDSGD;0.15;-0.6
29/10/2018;XAGUSD;-0.07;0.02
29/10/2018;XAUUSD;-4.95;2.61
29/10/2018;XMR (Monero);-0.00069;0
29/10/2018;XPDUSD;-3;-0.5
29/10/2018;XPTUSD;-3.5;0.7
29/10/2018;XRP (Ripple);-0.00069;0
29/10/2018;ZEC (Zcash);-0.00069;0
03/12/2018;AUDCAD;-0.2;-0.05
03/12/2018;AUDCHF;0.4;-0.7
03/12/2018;AUDJPY;0.25;-0.66
03/12/2018;AUDNZD;-0.23;-0.12
03/12/2018;AUDUSD;-0.22;0.1
03/12/2018;BCH (Bitcoin Cash);-0.00069;0
03/12/2018;BTC (Bitcoin);-0.00069;0
03/12/2018;CADJPY;0.3;-0.65
03/12/2018;CHFJPY;-0.5;0.07
03/12/2018;DASH (Dash);-0.00069;0
03/12/2018;ETC (Ethereum Classic);-0.00069;0
03/12/2018;ETH (Ethereum);-0.00069;0
03/12/2018;EURAUD;-1.2;0.7
03/12/2018;EURCAD;-1.2;0.65
03/12/2018;EURCHF;0.05;-0.21
03/12/2018;EURCZK;-0.28;-0.6
03/12/2018;EURDKK;-0.1;-3.2
03/12/2018;EURGBP;-0.46;0.22
03/12/2018;EURJPY;-0.29;0.05
03/12/2018;EURNOK;-17;-6.6
03/12/2018;EURNZD;-1.5;0.6
03/12/2018;EURRUB;-58.5;31.5
03/12/2018;EURSEK;-2.5;-7
03/12/2018;EURSGD;-1.9;0.23
03/12/2018;EURUSD;-1.35;0.6
03/12/2018;EURZAR;-24;17
03/12/2018;GBPAUD;-0.7;0.2
03/12/2018;GBPCAD;-0.8;0.23
03/12/2018;GBPCHF;0.35;-0.82
03/12/2018;GBPJPY;0.19;-0.59
03/12/2018;GBPNZD;-0.9;0.22
03/12/2018;GBPSEK;-6.9;2.2
03/12/2018;GBPUSD;-0.8;0.29
03/12/2018;GOLD;-5.06;2.7
03/12/2018;LTC (Litecoin);-0.00069;0
03/12/2018;NOKSEK;-0.07;-0.35
03/12/2018;NZDCAD;-0.2;-0.18
03/12/2018;NZDCHF;0.28;-0.78
03/12/2018;NZDJPY;0.21;-0.65
03/12/2018;NZDSGD;-0.3;-0.15
03/12/2018;NZDUSD;-0.2;0.05
03/12/2018;SILVER;-0.07;0.02
03/12/2018;USDCAD;0.11;-0.3
03/12/2018;USDCHF;0.59;-1.1
03/12/2018;USDCZK;-3.2;-0.3
03/12/2018;USDDKK;2.4;-9
03/12/2018;USDHUF;-4.5;3.1
03/12/2018;USDJPY;0.51;-1.03
03/12/2018;USDNOK;-1;-9
03/12/2018;USDRUB;-44.2;23.8
03/12/2018;USDSEK;1.5;-14
03/12/2018;USDSGD;0.05;-0.3
03/12/2018;XAGUSD;-0.07;0.02
03/12/2018;XAUUSD;-5.06;2.7
03/12/2018;XMR (Monero);-0.00069;0
03/12/2018;XPDUSD;-3;-0.5
03/12/2018;XPTUSD;-3.5;0.7
03/12/2018;XRP (Ripple);-0.00069;0
03/12/2018;ZEC (Zcash);-0.00069;0
24/12/2018;AUDCAD;0.02;-0.35
24/12/2018;AUDCHF;0.37;-0.7
24/12/2018;AUDJPY;0.25;-0.65
24/12/2018;AUDNZD;-0.2;-0.15
24/12/2018;AUDUSD;-0.2;0.05
24/12/2018;BCH (Bitcoin Cash);-0.00069;0
24/12/2018;BTC (Bitcoin);-0.00069;0
24/12/2018;CADJPY;0.2;-0.55
24/12/2018;CHFJPY;-0.5;0.07
24/12/2018;DASH (Dash);-0.00069;0
24/12/2018;ETC (Ethereum Classic);-0.00069;0
24/12/2018;ETH (Ethereum);-0.00069;0
24/12/2018;EURAUD;-1.45;0.75
24/12/2018;EURCAD;-1.2;0.6
24/12/2018;EURCHF;0.06;-0.2
24/12/2018;EURCZK;-0.28;-0.6
24/12/2018;EURDKK;-0.1;-2.7
24/12/2018;EURGBP;-0.45;0.2
24/12/2018;EURJPY;-0.3;0.07
24/12/2018;EURNOK;-16;-6.6
24/12/2018;EURNZD;-1.7;0.7
24/12/2018;EURRUB;-58.5;31.5
24/12/2018;EURSEK;-2.5;-7
24/12/2018;EURSGD;-2.1;0.26
24/12/2018;EURUSD;-1.5;0.65
24/12/2018;EURZAR;-24;17
24/12/2018;GBPAUD;-1;0.25
24/12/2018;GBPCAD;-0.7;0.15
24/12/2018;GBPCHF;0.36;-0.8
24/12/2018;GBPJPY;0.16;-0.55
24/12/2018;GBPNZD;-1.1;0.33
24/12/2018;GBPSEK;-6.9;2.2
24/12/2018;GBPUSD;-0.92;0.31
24/12/2018;GOLD;-5;2.5
24/12/2018;LTC (Litecoin);-0.00069;0
24/12/2018;NOKSEK;-0.07;-0.35
24/12/2018;NZDCAD;0.02;-0.45
24/12/2018;NZDCHF;0.28;-0.85
24/12/2018;NZDJPY;0.23;-0.65
24/12/2018;NZDSGD;-0.25;-0.2
24/12/2018;NZDUSD;-0.19;0.02
24/12/2018;SILVER;-0.08;0.03
24/12/2018;USDCAD;0.2;-0.65
24/12/2018;USDCHF;0.6;-1.25
24/12/2018;USDCZK;-3.2;-0.3
24/12/2018;USDDKK;2.5;-9
24/12/2018;USDHUF;-4.5;3.1
24/12/2018;USDJPY;0.53;-1.17
24/12/2018;USDNOK;-1.5;-11
24/12/2018;USDRUB;-44.2;23.8
24/12/2018;USDSEK;1.7;-15
24/12/2018;USDSGD;0.05;-0.3
24/12/2018;XAGUSD;-0.08;0.03
24/12/2018;XAUUSD;-5;2.5
24/12/2018;XMR (Monero);-0.00069;0
24/12/2018;XPDUSD;-3;-0.5
24/12/2018;XPTUSD;-3.5;0.7
24/12/2018;XRP (Ripple);-0.00069;0
24/12/2018;ZEC (Zcash);-0.00069;0
28/01/2019;AUDCAD;-0.14;-0.3
28/01/2019;AUDCHF;0.38;-0.7
28/01/2019;AUDJPY;0.25;-0.7
28/01/2019;AUDNZD;-0.18;-0.15
28/01/2019;AUDUSD;-0.46;-0.12
28/01/2019;BCH (Bitcoin Cash);-0.00069;0
28/01/2019;BTC (Bitcoin);-0.00069;0
28/01/2019;CADJPY;0.25;-0.65
28/01/2019;CHFJPY;-0.51;0.05
28/01/2019;DASH (Dash);-0.00069;0
28/01/2019;ETC (Ethereum Classic);-0.00069;0
28/01/2019;ETH (Ethereum);-0.00069;0
28/01/2019;EURAUD;-1.4;0.75
28/01/2019;EURCAD;-1.2;0.62
28/01/2019;EURCHF;0.02;-0.25
28/01/2019;EURCZK;-0.28;-1.6
28/01/2019;EURDKK;-0.13;-3.4
28/01/2019;EURGBP;-0.43;0.2
28/01/2019;EURJPY;-0.32;-0.02
28/01/2019;EURNOK;-17;-6.2
28/01/2019;EURNZD;-1.5;0.65
28/01/2019;EURRUB;-58.5;31.5
28/01/2019;EURSEK;-3.8;-7
28/01/2019;EURSGD;-1.9;0.25
28/01/2019;EURUSD;-1.41;0.62
28/01/2019;EURZAR;-24;17
28/01/2019;GBPAUD;-1;0.2
28/01/2019;GBPCAD;-0.78;0.2
28/01/2019;GBPCHF;0.36;-0.8
28/01/2019;GBPJPY;0.18;-0.65
28/01/2019;GBPNZD;-0.85;0.33
28/01/2019;GBPSEK;-6.9;2.2
28/01/2019;GBPUSD;-0.89;0.32
28/01/2019;GOLD;-6.12;2.92
28/01/2019;LTC (Litecoin);-0.00069;0
28/01/2019;NOKSEK;-0.07;-0.35
28/01/2019;NZDCAD;-0.08;-0.18
28/01/2019;NZDCHF;0.27;-0.75
28/01/2019;NZDJPY;0.23;-0.63
28/01/2019;NZDSGD;-0.15;-0.1
28/01/2019;NZDUSD;-0.2;0.07
28/01/2019;SILVER;-0.09;0.03
28/01/2019;USDCAD;0.15;-0.45
28/01/2019;USDCHF;0.6;-1.2
28/01/2019;USDCZK;-3.2;-0.3
28/01/2019;USDDKK;2.7;-9
28/01/2019;USDHUF;-4.5;3.1
28/01/2019;USDJPY;0.48;-1.12
28/01/2019;USDNOK;-1.3;-11
28/01/2019;USDRUB;-44.2;23.8
28/01/2019;USDSEK;1.7;-15
28/01/2019;USDSGD;0.1;-0.4
28/01/2019;XAGUSD;-0.09;0.03
28/01/2019;XAUUSD;-6.12;2.92
28/01/2019;XMR (Monero);-0.00069;0
28/01/2019;XPDUSD;-3;-0.5
28/01/2019;XPTUSD;-3.5;0.7
28/01/2019;XRP (Ripple);-0.00069;0
28/01/2019;ZEC (Zcash);-0.00069;0
04/03/2019;AUDCAD;-0.03;-0.7
04/03/2019;AUDCHF;0.1;-2
04/03/2019;AUDJPY;0.1;-1.2
04/03/2019;AUDNZD;-0.2;-0.65
04/03/2019;AUDUSD;-0.55;-0.2
04/03/2019;BCH (Bitcoin Cash);-0.00069;0
04/03/2019;BTC (Bitcoin);-0.00069;0
04/03/2019;CADJPY;0.15;-0.65
04/03/2019;CHFJPY;-0.7;-0.1
04/03/2019;DASH (Dash);-0.00069;0
04/03/2019;ETC (Ethereum Classic);-0.00069;0
04/03/2019;ETH (Ethereum);-0.00069;0
04/03/2019;EURAUD;-1.2;0.2
04/03/2019;EURCAD;-0.9;-0.05
04/03/2019;EURCHF;-0.03;-0.7
04/03/2019;EURCZK;-0.28;-1.6
04/03/2019;EURDKK;-2;-3.1
04/03/2019;EURGBP;-0.45;0.1
04/03/2019;EURJPY;-0.38;-0.15
04/03/2019;EURNOK;-8;-2
04/03/2019;EURNZD;-1.9;0.35
04/03/2019;EURRUB;-58.5;31.5
04/03/2019;EURSEK;-4.2;-4.8
04/03/2019;EURSGD;-1.7;-0.1
04/03/2019;EURUSD;-1.35;0.7
04/03/2019;EURZAR;-24;17
04/03/2019;GBPAUD;-1.55;0.15
04/03/2019;GBPCAD;-0.85;0.1
04/03/2019;GBPCHF;0.25;-1
04/03/2019;GBPJPY;0.1;-0.85
04/03/2019;GBPNZD;-1.2;0.2
04/03/2019;GBPSEK;-6.9;2.2
04/03/2019;GBPUSD;-1.3;0.3
04/03/2019;GOLD;-9.14;2.4
04/03/2019;LTC (Litecoin);-0.00069;0
04/03/2019;NOKSEK;-0.07;-0.35
04/03/2019;NZDCAD;-0.26;-0.2
04/03/2019;NZDCHF;0.15;-0.75
04/03/2019;NZDJPY;0.23;-0.8
04/03/2019;NZDSGD;-0.1;-0.55
04/03/2019;NZDUSD;-0.15;-0.1
04/03/2019;SILVER;-0.09;0.03
04/03/2019;USDCAD;0.05;-1
04/03/2019;USDCHF;0.5;-1.35
04/03/2019;USDCZK;-3.2;-0.3
04/03/2019;USDDKK;-0.7;-2
04/03/2019;USDHUF;-4.5;3.1
04/03/2019;USDJPY;0.45;-1.25
04/03/2019;USDNOK;-3.5;-3.7
04/03/2019;USDRUB;-44.2;23.8
04/03/2019;USDSEK;-0.81;-3.5
04/03/2019;USDSGD;-0.1;-0.37
04/03/2019;XAGUSD;-0.09;0.03
04/03/2019;XAUUSD;-9.14;2.4
04/03/2019;XMR (Monero);-0.00069;0
04/03/2019;XPDUSD;-3;-0.5
04/03/2019;XPTUSD;-3.5;0.7
04/03/2019;XRP (Ripple);-0.00069;0
04/03/2019;ZEC (Zcash);-0.00069;0
01/04/2019;AUDCAD;0;-1
01/04/2019;AUDCHF;0.1;-2.8
01/04/2019;AUDJPY;0.1;-1.22
01/04/2019;AUDNZD;-0.35;-0.65
01/04/2019;AUDUSD;-0.57;-0.23
01/04/2019;BCH (Bitcoin Cash);-0.00069;0
01/04/2019;BTC (Bitcoin);-0.00069;0
01/04/2019;CADJPY;0.15;-0.65
01/04/2019;CHFJPY;-0.75;-0.15
01/04/2019;DASH (Dash);-0.00069;0
01/04/2019;ETC (Ethereum Classic);-0.00069;0
01/04/2019;ETH (Ethereum);-0.00069;0
01/04/2019;EURAUD;-1.2;0.2
01/04/2019;EURCAD;-0.9;-0.05
01/04/2019;EURCHF;-0.2;-0.7
01/04/2019;EURCZK;-0.28;-1.6
01/04/2019;EURDKK;-2;-3.1
01/04/2019;EURGBP;-0.47;0.07
01/04/2019;EURJPY;-0.43;-0.24
01/04/2019;EURNOK;-8;-2
01/04/2019;EURNZD;-1.9;0.35
01/04/2019;EURRUB;-58.5;31.5
01/04/2019;EURSEK;-4.5;-4.8
01/04/2019;EURSGD;-1.1;-0.35
01/04/2019;EURUSD;-1.42;0.71
01/04/2019;EURZAR;-24;17
01/04/2019;GBPAUD;-1.55;0.15
01/04/2019;GBPCAD;-0.85;0.1
01/04/2019;GBPCHF;0.25;-1.05
01/04/2019;GBPJPY;0.05;-0.89
01/04/2019;GBPNZD;-1.7;0.2
01/04/2019;GBPSEK;-6.9;2.2
01/04/2019;GBPUSD;-1.34;0.31
01/04/2019;GOLD;-14.3;2.1
01/04/2019;LTC (Litecoin);-0.00069;0
01/04/2019;NOKSEK;-0.07;-0.35
01/04/2019;NZDCAD;-0.26;-0.33
01/04/2019;NZDCHF;0.15;-0.75
01/04/2019;NZDJPY;0.23;-0.8
01/04/2019;NZDSGD;-0.1;-0.9
01/04/2019;NZDUSD;-0.16;-0.26
01/04/2019;SILVER;-0.26;-0.05
01/04/2019;USDCAD;0.04;-1.12
01/04/2019;USDCHF;0.52;-1.39
01/04/2019;USDCZK;-3.2;-0.3
01/04/2019;USDDKK;-0.7;-1.4
01/04/2019;USDHUF;-4.5;3.1
01/04/2019;USDJPY;0.43;-1.29
01/04/2019;USDNOK;-3.5;-3.7
01/04/2019;USDRUB;-44.2;23.8
01/04/2019;USDSEK;-2.4;-3.5
01/04/2019;USDSGD;-0.2;-0.33
01/04/2019;XAGUSD;-0.26;-0.05
01/04/2019;XAUUSD;-14.3;2.1
01/04/2019;XMR (Monero);-0.00069;0
01/04/2019;XPDUSD;-3;-0.5
01/04/2019;XPTUSD;-3.5;0.7
01/04/2019;XRP (Ripple);-0.00069;0
01/04/2019;ZEC (Zcash);-0.00069;0
29/04/2019;AUDCAD;0;-1.1
29/04/2019;AUDCHF;0.1;-2.8
29/04/2019;AUDJPY;0.1;-1.22
29/04/2019;AUDNZD;-0.35;-0.65
29/04/2019;AUDUSD;-0.55;-0.25
29/04/2019;BCH (Bitcoin Cash);-0.00069;0
29/04/2019;BTC (Bitcoin);-0.00069;0
29/04/2019;CADJPY;0.15;-0.65
29/04/2019;CHFJPY;-0.75;-0.15
29/04/2019;DASH (Dash);-0.00069;0
29/04/2019;ETC (Ethereum Classic);-0.00069;0
29/04/2019;ETH (Ethereum);-0.00069;0
29/04/2019;EURAUD;-1.2;0.2
29/04/2019;EURCAD;-0.9;-0.05
29/04/2019;EURCHF;-0.23;-0.67
29/04/2019;EURCZK;-0.28;-1.6
29/04/2019;EURDKK;-2;-3.1
29/04/2019;EURGBP;-0.46;0.06
29/04/2019;EURJPY;-0.4;-0.25
29/04/2019;EURNOK;-8;-2
29/04/2019;EURNZD;-1.9;0.35
29/04/2019;EURRUB;-58.5;31.5
29/04/2019;EURSEK;-4.1;-4.8
29/04/2019;EURSGD;-1.1;-0.35
29/04/2019;EURUSD;-1.43;0.7
29/04/2019;EURZAR;-24;17
29/04/2019;GBPAUD;-1.55;0.15
29/04/2019;GBPCAD;-0.85;0.1
29/04/2019;GBPCHF;0.25;-1
29/04/2019;GBPJPY;0.05;-0.85
29/04/2019;GBPNZD;-1.7;0.2
29/04/2019;GBPSEK;-6.9;2.2
29/04/2019;GBPUSD;-1.33;0.33
29/04/2019;GOLD;-13.8;1.8
29/04/2019;LTC (Litecoin);-0.00069;0
29/04/2019;NOKSEK;-0.07;-0.35
29/04/2019;NZDCAD;-0.26;-0.33
29/04/2019;NZDCHF;0.15;-0.75
29/04/2019;NZDJPY;0.23;-0.8
29/04/2019;NZDSGD;-0.1;-0.9
29/04/2019;NZDUSD;-0.15;-0.25
29/04/2019;SILVER;-0.25;-0.05
29/04/2019;USDCAD;0.05;-1
29/04/2019;USDCHF;0.53;-1.33
29/04/2019;USDCZK;-3.2;-0.3
29/04/2019;USDDKK;-0.7;-1.4
29/04/2019;USDHUF;-4.5;3.1
29/04/2019;USDJPY;0.5;-1.5
29/04/2019;USDNOK;-3.5;-3.7
29/04/2019;USDRUB;-44.2;23.8
29/04/2019;USDSEK;-2.4;-3.5
29/04/2019;USDSGD;-0.2;-0.33
29/04/2019;XAGUSD;-0.25;-0.05
29/04/2019;XAUUSD;-13.8;1.8
29/04/2019;XMR (Monero);-0.00069;0
29/04/2019;XPDUSD;-3;-0.5
29/04/2019;XPTUSD;-3.5;0.7
29/04/2019;XRP (Ripple);-0.00069;0
29/04/2019;ZEC (Zcash);-0.00069;0
03/06/2019;AUDCAD;0.01;-1
03/06/2019;AUDCHF;0.08;-2.8
03/06/2019;AUDJPY;0.1;-1.22
03/06/2019;AUDNZD;-0.35;-0.64
03/06/2019;AUDUSD;-0.57;-0.23
03/06/2019;BCH (Bitcoin Cash);-0.00069;0
03/06/2019;BTC (Bitcoin);-0.00069;0
03/06/2019;CADJPY;0.13;-0.64
03/06/2019;CHFJPY;-0.73;-0.16
03/06/2019;DASH (Dash);-0.00069;0
03/06/2019;ETC (Ethereum Classic);-0.00069;0
03/06/2019;ETH (Ethereum);-0.00069;0
03/06/2019;EURAUD;-1.21;0.18
03/06/2019;EURCAD;-0.9;-0.05
03/06/2019;EURCHF;-0.2;-0.7
03/06/2019;EURCZK;-0.28;-1.6
03/06/2019;EURDKK;-2;-3.1
03/06/2019;EURGBP;-0.46;0.07
03/06/2019;EURJPY;-0.4;-0.25
03/06/2019;EURNOK;-7.8;-2
03/06/2019;EURNZD;-1.9;0.34
03/06/2019;EURRUB;-58.5;31.5
03/06/2019;EURSEK;-4.1;-4.78
03/06/2019;EURSGD;-1.09;-0.35
03/06/2019;EURUSD;-1.45;0.75
03/06/2019;EURZAR;-24;17
03/06/2019;GBPAUD;-1.54;0.16
03/06/2019;GBPCAD;-0.85;0.07
03/06/2019;GBPCHF;0.25;-1.05
03/06/2019;GBPJPY;0.05;-0.9
03/06/2019;GBPNZD;-1.68;0.21
03/06/2019;GBPSEK;-6.9;2.2
03/06/2019;GBPUSD;-1.33;0.33
03/06/2019;GOLD;-13.8;1.8
03/06/2019;LTC (Litecoin);-0.00069;0
03/06/2019;NOKSEK;-0.07;-0.35
03/06/2019;NZDCAD;-0.26;-0.33
03/06/2019;NZDCHF;0.14;-0.75
03/06/2019;NZDJPY;0.23;-0.78
03/06/2019;NZDSGD;-0.05;-0.91
03/06/2019;NZDUSD;-0.15;-0.25
03/06/2019;SILVER;-0.25;-0.05
03/06/2019;USDCAD;0.03;-0.99
03/06/2019;USDCHF;0.55;-1.4
03/06/2019;USDCZK;-3.2;-0.3
03/06/2019;USDDKK;-0.7;-1.4
03/06/2019;USDHUF;-4.5;3.1
03/06/2019;USDJPY;0.55;-1.55
03/06/2019;USDNOK;-3.5;-3.7
03/06/2019;USDRUB;-44.2;23.8
03/06/2019;USDSEK;-2.4;-3.5
03/06/2019;USDSGD;-0.23;-0.33
03/06/2019;XAGUSD;-0.25;-0.05
03/06/2019;XAUUSD;-13.8;1.8
03/06/2019;XMR (Monero);-0.00069;0
03/06/2019;XPDUSD;-3;-0.5
03/06/2019;XPTUSD;-3.5;0.7
03/06/2019;XRP (Ripple);-0.00069;0
03/06/2019;ZEC (Zcash);-0.00069;0
01/07/2019;AUDCAD;0.04;-1.1
01/07/2019;AUDCHF;0.08;-2.8
01/07/2019;AUDJPY;0.08;-1.25
01/07/2019;AUDNZD;-0.36;-0.66
01/07/2019;AUDUSD;-0.77;0.15
01/07/2019;BCH (Bitcoin Cash);-0.00069;0
01/07/2019;BTC (Bitcoin);-0.00069;0
01/07/2019;CADJPY;0.12;-0.6
01/07/2019;CHFJPY;-0.7;-0.16
01/07/2019;DASH (Dash);-0.00069;0
01/07/2019;ETC (Ethereum Classic);-0.00069;0
01/07/2019;ETH (Ethereum);-0.00069;0
01/07/2019;EURAUD;-1.2;0.16
01/07/2019;EURCAD;-0.87;-0.05
01/07/2019;EURCHF;-0.2;-0.67
01/07/2019;EURCZK;-2.5;0.8
01/07/2019;EURDKK;-2.5;-2.8
01/07/2019;EURGBP;-0.46;0.06
01/07/2019;EURJPY;-0.38;-0.22
01/07/2019;EURNOK;-7.5;-1.15
01/07/2019;EURNZD;-1.9;0.33
01/07/2019;EURRUB;-58.5;31.5
01/07/2019;EURSEK;-4.2;-4.75
01/07/2019;EURSGD;-1.7;0.4
01/07/2019;EURUSD;-1.33;0.72
01/07/2019;EURZAR;-40;17
01/07/2019;GBPAUD;-1.55;0.15
01/07/2019;GBPCAD;-0.87;0.07
01/07/2019;GBPCHF;0.25;-1.05
01/07/2019;GBPJPY;0.05;-0.85
01/07/2019;GBPNZD;-1.66;0.23
01/07/2019;GBPSEK;-0.3;-5.8
01/07/2019;GBPUSD;-1.33;0.33
01/07/2019;GOLD;-13.6;1.6
01/07/2019;LTC (Litecoin);-0.00069;0
01/07/2019;NOKSEK;-0.15;-0.8
01/07/2019;NZDCAD;-0.25;-0.35
01/07/2019;NZDCHF;0.15;-0.75
01/07/2019;NZDJPY;0.25;-0.75
01/07/2019;NZDSGD;-0.3;-0.18
01/07/2019;NZDUSD;-0.15;-0.25
01/07/2019;SILVER;-0.24;-0.04
01/07/2019;USDCAD;0.05;-1.05
01/07/2019;USDCHF;0.55;-1.35
01/07/2019;USDCZK;-0.26;-1.1
01/07/2019;USDDKK;2.1;-7.5
01/07/2019;USDHUF;0.9;-3.4
01/07/2019;USDJPY;0.5;-1.5
01/07/2019;USDNOK;-3.5;-3.7
01/07/2019;USDRUB;-44.2;23.8
01/07/2019;USDSEK;-2.5;-3.5
01/07/2019;USDSGD;-0.25;-0.35
01/07/2019;XAGUSD;-0.24;-0.04
01/07/2019;XAUUSD;-13.6;1.6
01/07/2019;XMR (Monero);-0.00069;0
01/07/2019;XPDUSD;-3;-0.5
01/07/2019;XPTUSD;-3.5;0.7
01/07/2019;XRP (Ripple);-0.00069;0
01/07/2019;ZEC (Zcash);-0.00069;0
29/07/2019;AUDCAD;0.02;-1.1
29/07/2019;AUDCHF;0.08;-2.8
29/07/2019;AUDJPY;0.08;-1.25
29/07/2019;AUDNZD;-0.36;-0.66
29/07/2019;AUDUSD;-0.78;0.13
29/07/2019;BCH (Bitcoin Cash);-0.00069;0
29/07/2019;BTC (Bitcoin);-0.00069;0
29/07/2019;CADJPY;0.12;-0.6
29/07/2019;CHFJPY;-0.7;-0.16
29/07/2019;DASH (Dash);-0.00069;0
29/07/2019;ETC (Ethereum Classic);-0.00069;0
29/07/2019;ETH (Ethereum);-0.00069;0
29/07/2019;EURAUD;-1.2;0.16
29/07/2019;EURCAD;-0.84;-0.05
29/07/2019;EURCHF;-0.22;-0.69
29/07/2019;EURCZK;-2.5;0.8
29/07/2019;EURDKK;-1.7;-2.6
29/07/2019;EURGBP;-0.47;0.07
29/07/2019;EURJPY;-0.41;-0.23
29/07/2019;EURNOK;-7.5;-1.13
29/07/2019;EURNZD;-1.9;0.32
29/07/2019;EURRUB;-58.5;31.5
29/07/2019;EURSEK;-4.2;-4.75
29/07/2019;EURSGD;-1.7;0.05
29/07/2019;EURUSD;-1.35;0.7
29/07/2019;EURZAR;-42;27
29/07/2019;GBPAUD;-1.55;0.15
29/07/2019;GBPCAD;-0.85;0.07
29/07/2019;GBPCHF;0.25;-1
29/07/2019;GBPJPY;0.05;-0.83
29/07/2019;GBPNZD;-1.66;0.22
29/07/2019;GBPSEK;-0.4;-6.8
29/07/2019;GBPUSD;-1.3;0.3
29/07/2019;GOLD;-13.9;1.7
29/07/2019;LTC (Litecoin);-0.00069;0
29/07/2019;NOKSEK;-0.15;-0.8
29/07/2019;NZDCAD;-0.25;-0.34
29/07/2019;NZDCHF;0.14;-0.75
29/07/2019;NZDJPY;0.23;-0.75
29/07/2019;NZDSGD;-0.3;-0.9
29/07/2019;NZDUSD;-0.16;-0.27
29/07/2019;SILVER;-0.27;-0.04
29/07/2019;USDCAD;0.04;-1.06
29/07/2019;USDCHF;0.52;-1.35
29/07/2019;USDCZK;-0.09;-1.1
29/07/2019;USDDKK;4.1;-8.5
29/07/2019;USDHUF;0.9;-3.4
29/07/2019;USDJPY;0.48;-1.45
29/07/2019;USDNOK;-3.5;-3.7
29/07/2019;USDRUB;-44.2;23.8
29/07/2019;USDSEK;-2.5;-3.5
29/07/2019;USDSGD;-0.25;-0.35
29/07/2019;XAGUSD;-0.27;-0.04
29/07/2019;XAUUSD;-13.9;1.7
29/07/2019;XMR (Monero);-0.00069;0
29/07/2019;XPDUSD;-3;-0.5
29/07/2019;XPTUSD;-3.5;0.7
29/07/2019;XRP (Ripple);-0.00069;0
29/07/2019;ZEC (Zcash);-0.00069;0
02/09/2019;AUDCAD;0.01;-1.05
02/09/2019;AUDCHF;0.16;-0.83
02/09/2019;AUDJPY;0.09;-0.7
02/09/2019;AUDNZD;-0.6;-0.25
02/09/2019;AUDUSD;-0.55;0.05
02/09/2019;BCH (Bitcoin Cash);-0.00069;0
02/09/2019;BTC (Bitcoin);-0.00069;0
02/09/2019;CADJPY;0.12;-0.64
02/09/2019;CHFJPY;-0.7;-0.16
02/09/2019;DASH (Dash);-0.00069;0
02/09/2019;ETC (Ethereum Classic);-0.00069;0
02/09/2019;ETH (Ethereum);-0.00069;0
02/09/2019;EURAUD;-1.45;0.3
02/09/2019;EURCAD;-1.5;0.4
02/09/2019;EURCHF;-0.22;-0.73
02/09/2019;EURCZK;-2.5;0.8
02/09/2019;EURDKK;-1.95;-3.1
02/09/2019;EURGBP;-0.6;0.05
02/09/2019;EURJPY;-0.4;-0.24
02/09/2019;EURNOK;-7.5;-1.1
02/09/2019;EURNZD;-1.9;0.4
02/09/2019;EURRUB;-58.5;31.5
02/09/2019;EURSEK;-4.5;-4.8
02/09/2019;EURSGD;-1.1;-0.33
02/09/2019;EURUSD;-1.38;0.68
02/09/2019;EURZAR;-42;27
02/09/2019;GBPAUD;-1;-0.2
02/09/2019;GBPCAD;-0.88;0.07
02/09/2019;GBPCHF;0.26;-1.1
02/09/2019;GBPJPY;0.05;-0.89
02/09/2019;GBPNZD;-1.35;-0.1
02/09/2019;GBPSEK;-0.4;-6.8
02/09/2019;GBPUSD;-1.17;0.26
02/09/2019;GOLD;-13.8;1.8
02/09/2019;LTC (Litecoin);-0.00069;0
02/09/2019;NOKSEK;-0.15;-0.8
02/09/2019;NZDCAD;-0.35;-0.4
02/09/2019;NZDCHF;0.21;-0.85
02/09/2019;NZDJPY;0.14;-0.85
02/09/2019;NZDSGD;-0.05;-0.93
02/09/2019;NZDUSD;-0.43;-0.06
02/09/2019;SILVER;-0.25;-0.05
02/09/2019;USDCAD;0.03;-0.73
02/09/2019;USDCHF;0.55;-1.43
02/09/2019;USDCZK;-0.09;-1.1
02/09/2019;USDDKK;-0.91;-1.52
02/09/2019;USDHUF;0.9;-3.4
02/09/2019;USDJPY;0.5;-1.49
02/09/2019;USDNOK;-3.5;-3.7
02/09/2019;USDRUB;-44.2;23.8
02/09/2019;USDSEK;-2.4;-3.5
02/09/2019;USDSGD;-0.24;-0.35
02/09/2019;XAGUSD;-0.25;-0.05
02/09/2019;XAUUSD;-13.8;1.8
02/09/2019;XMR (Monero);-0.00069;0
02/09/2019;XPDUSD;-3;-0.5
02/09/2019;XPTUSD;-3.5;0.7
02/09/2019;XRP (Ripple);-0.00069;0
02/09/2019;ZEC (Zcash);-0.00069;0
30/09/2019;AUDCAD;0.01;-1.05
30/09/2019;AUDCHF;0.16;-0.83
30/09/2019;AUDJPY;0.09;-0.7
30/09/2019;AUDNZD;-0.6;-0.25
30/09/2019;AUDUSD;-0.56;0.06
30/09/2019;BCH (Bitcoin Cash);-0.00069;0
30/09/2019;BTC (Bitcoin);-0.00069;0
30/09/2019;CADJPY;0.12;-0.64
30/09/2019;CHFJPY;-0.72;-0.16
30/09/2019;DASH (Dash);-0.00069;0
30/09/2019;ETC (Ethereum Classic);-0.00069;0
30/09/2019;ETH (Ethereum);-0.00069;0
30/09/2019;EURAUD;-1.45;0.3
30/09/2019;EURCAD;-1.5;0.4
30/09/2019;EURCHF;-0.25;-0.75
30/09/2019;EURCZK;-2.5;0.8
30/09/2019;EURDKK;-1.1;-7
30/09/2019;EURGBP;-0.66;0.06
30/09/2019;EURJPY;-0.43;-0.25
30/09/2019;EURNOK;-7.5;-1.1
30/09/2019;EURNZD;-1.9;0.4
30/09/2019;EURRUB;-58.5;31.5
30/09/2019;EURSEK;-4.5;-4.8
30/09/2019;EURSGD;-1.1;-0.33
30/09/2019;EURUSD;-1.35;0.67
30/09/2019;EURZAR;-42;27
30/09/2019;GBPAUD;-1;-0.2
30/09/2019;GBPCAD;-0.88;0.07
30/09/2019;GBPCHF;0.25;-1.1
30/09/2019;GBPJPY;0.04;-0.83
30/09/2019;GBPNZD;-1.35;-0.1
30/09/2019;GBPSEK;-0.4;-6.8
30/09/2019;GBPUSD;-1.16;0.25
30/09/2019;GOLD;-13.8;1.8
30/09/2019;LTC (Litecoin);-0.00069;0
30/09/2019;NOKSEK;-0.15;-0.8
30/09/2019;NZDCAD;-0.35;-0.4
30/09/2019;NZDCHF;0.21;-0.85
30/09/2019;NZDJPY;0.14;-0.85
30/09/2019;NZDSGD;-0.05;-0.93
30/09/2019;NZDUSD;-0.4;-0.07
30/09/2019;SILVER;-0.25;-0.05
30/09/2019;USDCAD;0.02;-0.72
30/09/2019;USDCHF;0.52;-1.45
30/09/2019;USDCZK;-0.09;-1.1
30/09/2019;USDDKK;4;-14
30/09/2019;USDHUF;0.9;-3.4
30/09/2019;USDJPY;0.5;-1.5
30/09/2019;USDNOK;-3.5;-3.7
30/09/2019;USDRUB;-44.2;23.8
30/09/2019;USDSEK;-2.4;-3.5
30/09/2019;USDSGD;-0.24;-0.35
30/09/2019;XAGUSD;-0.25;-0.05
30/09/2019;XAUUSD;-13.8;1.8
30/09/2019;XMR (Monero);-0.00069;0
30/09/2019;XPDUSD;-3;-0.5
30/09/2019;XPTUSD;-3.5;0.7
30/09/2019;XRP (Ripple);-0.00069;0
30/09/2019;ZEC (Zcash);-0.00069;0
28/10/2019;AUDCAD;0.02;-1.05
28/10/2019;AUDCHF;0.16;-0.83
28/10/2019;AUDJPY;0.09;-0.7
28/10/2019;AUDNZD;-0.55;-0.25
28/10/2019;AUDUSD;-0.57;0.05
28/10/2019;BCH (Bitcoin Cash);-0.00069;0
28/10/2019;BTC (Bitcoin);-0.00069;0
28/10/2019;CADJPY;0.12;-0.64
28/10/2019;CHFJPY;-0.72;-0.16
28/10/2019;DASH (Dash);-0.00069;0
28/10/2019;ETC (Ethereum Classic);-0.00069;0
28/10/2019;ETH (Ethereum);-0.00069;0
28/10/2019;EURAUD;-1.5;0.3
28/10/2019;EURCAD;-1.5;0.4
28/10/2019;EURCHF;-0.25;-0.72
28/10/2019;EURCZK;-2.5;0.8
28/10/2019;EURDKK;-1.9;-3.2
28/10/2019;EURGBP;-0.66;0.05
28/10/2019;EURJPY;-0.37;-0.23
28/10/2019;EURNOK;-7.5;-1.1
28/10/2019;EURNZD;-1.9;0.4
28/10/2019;EURRUB;-58.5;31.5
28/10/2019;EURSEK;-4.1;-4.8
28/10/2019;EURSGD;-1.1;-0.33
28/10/2019;EURUSD;-1.35;0.7
28/10/2019;EURZAR;-42;27
28/10/2019;GBPAUD;-1;-0.2
28/10/2019;GBPCAD;-0.88;0.07
28/10/2019;GBPCHF;0.25;-1.2
28/10/2019;GBPJPY;0.05;-0.85
28/10/2019;GBPNZD;-1.35;-0.1
28/10/2019;GBPSEK;-0.4;-6.8
28/10/2019;GBPUSD;-1.12;0.25
28/10/2019;GOLD;-13.7;1.7
28/10/2019;LTC (Litecoin);-0.00069;0
28/10/2019;NOKSEK;-0.15;-0.8
28/10/2019;NZDCAD;-0.35;-0.4
28/10/2019;NZDCHF;0.21;-0.85
28/10/2019;NZDJPY;0.14;-0.85
28/10/2019;NZDSGD;-0.05;-0.93
28/10/2019;NZDUSD;-0.43;-0.06
28/10/2019;SILVER;-0.27;-0.03
28/10/2019;USDCAD;0.02;-0.75
28/10/2019;USDCHF;0.57;-1.43
28/10/2019;USDCZK;-0.09;-1.1
28/10/2019;USDDKK;4;-7
28/10/2019;USDHUF;0.9;-3.4
28/10/2019;USDJPY;0.52;-1.46
28/10/2019;USDNOK;-3.5;-3.7
28/10/2019;USDRUB;-44.2;23.8
28/10/2019;USDSEK;-2.4;-3.5
28/10/2019;USDSGD;-0.24;-0.35
28/10/2019;XAGUSD;-0.27;-0.03
28/10/2019;XAUUSD;-13.7;1.7
28/10/2019;XMR (Monero);-0.00069;0
28/10/2019;XPDUSD;-3;-0.5
28/10/2019;XPTUSD;-3.5;0.7
28/10/2019;XRP (Ripple);-0.00069;0
28/10/2019;ZEC (Zcash);-0.00069;0
02/12/2019;AUDCAD;-0.5;-0.2
02/12/2019;AUDCHF;0.16;-0.8
02/12/2019;AUDJPY;0.07;-0.7
02/12/2019;AUDNZD;-0.45;-0.3
02/12/2019;AUDUSD;-0.5;0.03
02/12/2019;BCH (Bitcoin Cash);-0.00069;0
02/12/2019;BTC (Bitcoin);-0.00069;0
02/12/2019;CADJPY;0.16;-0.87
02/12/2019;CHFJPY;-0.6;-0.16
02/12/2019;DASH (Dash);-0.00069;0
02/12/2019;ETC (Ethereum Classic);-0.00069;0
02/12/2019;ETH (Ethereum);-0.00069;0
02/12/2019;EURAUD;-1.4;0.25
02/12/2019;EURCAD;-1.6;0.4
02/12/2019;EURCHF;-0.2;-0.5
02/12/2019;EURCZK;-2.5;0.8
02/12/2019;EURDKK;-1.9;-3.2
02/12/2019;EURGBP;-0.66;0.06
02/12/2019;EURJPY;-0.43;-0.25
02/12/2019;EURNOK;-7.5;-1.1
02/12/2019;EURNZD;-1.7;0.3
02/12/2019;EURRUB;-58.5;31.5
02/12/2019;EURSEK;-4.1;-4.8
02/12/2019;EURSGD;-1.5;0.3
02/12/2019;EURUSD;-1.3;0.4
02/12/2019;EURZAR;-42;27
02/12/2019;GBPAUD;-0.9;-0.3
02/12/2019;GBPCAD;-1.2;0.07
02/12/2019;GBPCHF;0.18;-1.15
02/12/2019;GBPJPY;0.03;-0.88
02/12/2019;GBPNZD;-1.1;-0.3
02/12/2019;GBPSEK;-0.4;-6.8
02/12/2019;GBPUSD;-1;0.15
02/12/2019;GOLD;-13.8;2.8
02/12/2019;LTC (Litecoin);-0.00069;0
02/12/2019;NOKSEK;-0.15;-0.8
02/12/2019;NZDCAD;-0.5;-0.4
02/12/2019;NZDCHF;0.21;-0.85
02/12/2019;NZDJPY;0.05;-0.85
02/12/2019;NZDSGD;-0.6;-0.4
02/12/2019;NZDUSD;-0.46;-0.05
02/12/2019;SILVER;-0.28;0.03
02/12/2019;USDCAD;-0.18;-0.57
02/12/2019;USDCHF;0.4;-1.36
02/12/2019;USDCZK;-0.09;-1.1
02/12/2019;USDDKK;4;-7
02/12/2019;USDHUF;0.9;-3.4
02/12/2019;USDJPY;0.35;-1.3
02/12/2019;USDNOK;-3.5;-3.7
02/12/2019;USDRUB;-44.2;23.8
02/12/2019;USDSEK;-2.4;-3.5
02/12/2019;USDSGD;-0.45;-0.8
02/12/2019;XAGUSD;-0.28;0.03
02/12/2019;XAUUSD;-13.8;2.8
02/12/2019;XMR (Monero);-0.00069;0
02/12/2019;XPDUSD;-3;-0.5
02/12/2019;XPTUSD;-3.5;0.7
02/12/2019;XRP (Ripple);-0.00069;0
02/12/2019;ZEC (Zcash);-0.00069;0
30/12/2019;AUDCAD;-0.5;-0.14
30/12/2019;AUDCHF;0.15;-0.8
30/12/2019;AUDJPY;0.06;-0.7
30/12/2019;AUDNZD;-0.48;-0.33
30/12/2019;AUDUSD;-0.56;0.05
30/12/2019;BCH (Bitcoin Cash);-0.00069;0
30/12/2019;BTC (Bitcoin);-0.00069;0
30/12/2019;CADJPY;0.17;-0.92
30/12/2019;CHFJPY;-0.59;-0.16
30/12/2019;DASH (Dash);-0.00069;0
30/12/2019;ETC (Ethereum Classic);-0.00069;0
30/12/2019;ETH (Ethereum);-0.00069;0
30/12/2019;EURAUD;-1.45;0.24
30/12/2019;EURCAD;-1.62;0.41
30/12/2019;EURCHF;-0.18;-0.52
30/12/2019;EURCZK;-2.5;0.8
30/12/2019;EURDKK;-2.37;-3.25
30/12/2019;EURGBP;-0.67;0.06
30/12/2019;EURJPY;-0.46;-0.28
30/12/2019;EURNOK;-7.7;-1.21
30/12/2019;EURNZD;-1.76;0.32
30/12/2019;EURRUB;-58.5;31.5
30/12/2019;EURSEK;-4.21;-4.92
30/12/2019;EURSGD;-1.61;0.32
30/12/2019;EURUSD;-1.33;0.43
30/12/2019;EURZAR;-42;27
30/12/2019;GBPAUD;-0.92;-0.32
30/12/2019;GBPCAD;-1.23;0.06
30/12/2019;GBPCHF;0.18;-1.15
30/12/2019;GBPJPY;0.04;-0.96
30/12/2019;GBPNZD;-1.12;-0.32
30/12/2019;GBPSEK;-0.4;-6.8
30/12/2019;GBPUSD;-0.99;0.15
30/12/2019;GOLD;-13.2;2.8
30/12/2019;LTC (Litecoin);-0.00069;0
30/12/2019;NOKSEK;-0.15;-0.8
30/12/2019;NZDCAD;-0.52;-0.35
30/12/2019;NZDCHF;0.18;-0.88
30/12/2019;NZDJPY;0.02;-0.85
30/12/2019;NZDSGD;-0.59;-0.41
30/12/2019;NZDUSD;-0.43;-0.04
30/12/2019;SILVER;-0.25;0.03
30/12/2019;USDCAD;-0.18;-0.53
30/12/2019;USDCHF;0.43;-1.35
30/12/2019;USDCZK;-0.09;-1.1
30/12/2019;USDDKK;2.2;-8.3
30/12/2019;USDHUF;0.9;-3.4
30/12/2019;USDJPY;0.37;-1.3
30/12/2019;USDNOK;-3.58;-3.81
30/12/2019;USDRUB;-44.2;23.8
30/12/2019;USDSEK;-2.48;-3.47
30/12/2019;USDSGD;-0.46;-0.85
30/12/2019;XAGUSD;-0.25;0.03
30/12/2019;XAUUSD;-13.2;2.8
30/12/2019;XMR (Monero);-0.00069;0
30/12/2019;XPDUSD;-3;-0.5
30/12/2019;XPTUSD;-3.5;0.7
30/12/2019;XRP (Ripple);-0.00069;0
30/12/2019;ZEC (Zcash);-0.00069;0
03/02/2020;AUDCAD;-0.5;-0.2
03/02/2020;AUDCHF;0.11;-0.74
03/02/2020;AUDJPY;0.03;-0.6
03/02/2020;AUDNZD;-0.5;-0.33
03/02/2020;AUDUSD;-0.4;0.01
03/02/2020;BCH (Bitcoin Cash);-0.00069;0
03/02/2020;BTC (Bitcoin);-0.00069;0
03/02/2020;CADJPY;0.17;-0.8
03/02/2020;CHFJPY;-0.55;-0.14
03/02/2020;DASH (Dash);-0.00069;0
03/02/2020;ETC (Ethereum Classic);-0.00069;0
03/02/2020;ETH (Ethereum);-0.00069;0
03/02/2020;EURAUD;-1.3;0.24
03/02/2020;EURCAD;-1.4;0.41
03/02/2020;EURCHF;-0.2;-0.45
03/02/2020;EURCZK;-2.5;0.8
03/02/2020;EURDKK;-2;-3
03/02/2020;EURGBP;-0.58;0.06
03/02/2020;EURJPY;-0.44;-0.25
03/02/2020;EURNOK;-7.7;-1.15
03/02/2020;EURNZD;-1.6;0.33
03/02/2020;EURRUB;-58.5;31.5
03/02/2020;EURSEK;-4.5;-4.92
03/02/2020;EURSGD;-1.61;0.32
03/02/2020;EURUSD;-1.25;0.44
03/02/2020;EURZAR;-42;27
03/02/2020;GBPAUD;-0.8;-0.41
03/02/2020;GBPCAD;-1.15;-0.08
03/02/2020;GBPCHF;0.12;-1.1
03/02/2020;GBPJPY;0.02;-0.8
03/02/2020;GBPNZD;-1.1;-0.3
03/02/2020;GBPSEK;-0.4;-6.8
03/02/2020;GBPUSD;-0.8;0.1
03/02/2020;GOLD;-13.3;2.7
03/02/2020;LTC (Litecoin);-0.00069;0
03/02/2020;NOKSEK;-0.15;-0.8
03/02/2020;NZDCAD;-0.45;-0.4
03/02/2020;NZDCHF;0.18;-0.88
03/02/2020;NZDJPY;0.04;-0.75
03/02/2020;NZDSGD;-0.59;-0.41
03/02/2020;NZDUSD;-0.33;-0.16
03/02/2020;SILVER;-0.24;0.03
03/02/2020;USDCAD;-0.33;-0.5
03/02/2020;USDCHF;0.38;-1.17
03/02/2020;USDCZK;-0.9;-1.1
03/02/2020;USDDKK;2.2;-7.5
03/02/2020;USDHUF;0.9;-3.4
03/02/2020;USDJPY;0.26;-1.05
03/02/2020;USDNOK;-3.58;-3.75
03/02/2020;USDRUB;-44.2;23.8
03/02/2020;USDSEK;-2.48;-3.47
03/02/2020;USDSGD;-0.46;-0.8
03/02/2020;XAGUSD;-0.24;0.03
03/02/2020;XAUUSD;-13.3;2.7
03/02/2020;XMR (Monero);-0.00069;0
03/02/2020;XPDUSD;-3;-0.5
03/02/2020;XPTUSD;-3.5;0.7
03/02/2020;XRP (Ripple);-0.00069;0
03/02/2020;ZEC (Zcash);-0.00069;0
02/03/2020;AUDCAD;-0.51;-0.21
02/03/2020;AUDCHF;0.12;-0.75
02/03/2020;AUDJPY;0.03;-0.6
02/03/2020;AUDNZD;-0.52;-0.31
02/03/2020;AUDUSD;-0.48;-0.11
02/03/2020;BCH (Bitcoin Cash);-0.00069;0
02/03/2020;BTC (Bitcoin);-0.00069;0
02/03/2020;CADJPY;0.16;-0.81
02/03/2020;CHFJPY;-0.56;-0.15
02/03/2020;DASH (Dash);-0.00069;0
02/03/2020;ETC (Ethereum Classic);-0.00069;0
02/03/2020;ETH (Ethereum);-0.00069;0
02/03/2020;EURAUD;-1.25;0.23
02/03/2020;EURCAD;-1.33;0.41
02/03/2020;EURCHF;-0.2;-0.43
02/03/2020;EURCZK;-2.7;1.2
02/03/2020;EURDKK;-1.5;-2.5
02/03/2020;EURGBP;-0.62;0.05
02/03/2020;EURJPY;-0.43;-0.24
02/03/2020;EURNOK;-7.8;-1.15
02/03/2020;EURNZD;-1.6;0.33
02/03/2020;EURRUB;-58.5;31.5
02/03/2020;EURSEK;-4.4;-4.8
02/03/2020;EURSGD;-1.55;0.33
02/03/2020;EURUSD;-1.32;0.46
02/03/2020;EURZAR;-42;28
02/03/2020;GBPAUD;-0.77;-0.43
02/03/2020;GBPCAD;-1.18;-0.09
02/03/2020;GBPCHF;0.15;-1.15
02/03/2020;GBPJPY;0.02;-0.86
02/03/2020;GBPNZD;-1.1;-0.33
02/03/2020;GBPSEK;-0.85;-6.25
02/03/2020;GBPUSD;-0.93;0.12
02/03/2020;GOLD;-13.4;2.9
02/03/2020;LTC (Litecoin);-0.00069;0
02/03/2020;NOKSEK;0.22;-0.85
02/03/2020;NZDCAD;-0.44;-0.42
02/03/2020;NZDCHF;0.17;-0.82
02/03/2020;NZDJPY;0.03;-0.77
02/03/2020;NZDSGD;-0.55;-0.34
02/03/2020;NZDUSD;-0.34;-0.16
02/03/2020;SILVER;-0.26;0.03
02/03/2020;USDCAD;-0.32;-0.49
02/03/2020;USDCHF;0.38;-1.2
02/03/2020;USDCZK;-1.1;-0.7
02/03/2020;USDDKK;2.9;-6.8
02/03/2020;USDHUF;0.7;-2.7
02/03/2020;USDJPY;0.24;-1.16
02/03/2020;USDNOK;-3.55;-3.75
02/03/2020;USDRUB;-44.2;23.8
02/03/2020;USDSEK;-2.45;-3.35
02/03/2020;USDSGD;-0.42;-0.82
02/03/2020;XAGUSD;-0.26;0.03
02/03/2020;XAUUSD;-13.4;2.9
02/03/2020;XMR (Monero);-0.00069;0
02/03/2020;XPDUSD;-3;-0.5
02/03/2020;XPTUSD;-3.5;0.7
02/03/2020;XRP (Ripple);-0.00069;0
02/03/2020;ZEC (Zcash);-0.00069;0
30/03/2020;AUDCAD;-0.51;-0.2
30/03/2020;AUDCHF;0.11;-0.75
30/03/2020;AUDJPY;0.03;-0.6
30/03/2020;AUDNZD;-0.52;-0.31
30/03/2020;AUDUSD;-0.17;-0.05
30/03/2020;BCH (Bitcoin Cash);-0.00069;0
30/03/2020;BTC (Bitcoin);-0.00069;0
30/03/2020;CADJPY;0.16;-0.81
30/03/2020;CHFJPY;-0.56;-0.15
30/03/2020;DASH (Dash);-0.00069;0
30/03/2020;ETC (Ethereum Classic);-0.00069;0
30/03/2020;ETH (Ethereum);-0.00069;0
30/03/2020;EURAUD;-1.25;0.23
30/03/2020;EURCAD;-1.33;0.38
30/03/2020;EURCHF;-0.25;-0.45
30/03/2020;EURCZK;-2.7;1.2
30/03/2020;EURDKK;-1.5;-2.5
30/03/2020;EURGBP;-0.61;0.06
30/03/2020;EURJPY;-0.46;-0.25
30/03/2020;EURNOK;-7.8;-1.15
30/03/2020;EURNZD;-1.6;0.33
30/03/2020;EURRUB;-58.5;31.5
30/03/2020;EURSEK;-4.3;-4.9
30/03/2020;EURSGD;-1.55;0.33
30/03/2020;EURUSD;-0.85;0.05
30/03/2020;EURZAR;-42;28
30/03/2020;GBPAUD;-0.77;-0.43
30/03/2020;GBPCAD;-1.18;-0.09
30/03/2020;GBPCHF;0.12;-1.12
30/03/2020;GBPJPY;0.02;-0.88
30/03/2020;GBPNZD;-1.1;-0.33
30/03/2020;GBPSEK;-0.85;-6.25
30/03/2020;GBPUSD;-0.85;0.05
30/03/2020;GOLD;-12.5;1.5
30/03/2020;LTC (Litecoin);-0.00069;0
30/03/2020;NOKSEK;0.22;-0.85
30/03/2020;NZDCAD;-0.44;-0.42
30/03/2020;NZDCHF;0.17;-0.82
30/03/2020;NZDJPY;0.03;-0.77
30/03/2020;NZDSGD;-0.55;-0.34
30/03/2020;NZDUSD;-0.11;-0.07
30/03/2020;SILVER;-0.35;0.05
30/03/2020;USDCAD;-0.13;-0.2
30/03/2020;USDCHF;0.08;-0.95
30/03/2020;USDCZK;-1.1;-0.7
30/03/2020;USDDKK;2.9;-6.8
30/03/2020;USDHUF;0.7;-2.7
30/03/2020;USDJPY;0.06;-0.88
30/03/2020;USDNOK;-3.55;-3.75
30/03/2020;USDRUB;-44.2;23.8
30/03/2020;USDSEK;-2.45;-3.35
30/03/2020;USDSGD;-0.42;-0.82
30/03/2020;XAGUSD;-0.35;0.05
30/03/2020;XAUUSD;-12.5;1.5
30/03/2020;XMR (Monero);-0.00069;0
30/03/2020;XPDUSD;-3;-0.5
30/03/2020;XPTUSD;-3.5;0.7
30/03/2020;XRP (Ripple);-0.00069;0
30/03/2020;ZEC (Zcash);-0.00069;0
04/05/2020;AUDCAD;-0.35;-0.38
04/05/2020;AUDCHF;0.11;-0.69
04/05/2020;AUDJPY;0.03;-0.6
04/05/2020;AUDNZD;-0.52;-0.27
04/05/2020;AUDUSD;-0.33;0.03
04/05/2020;BCH (Bitcoin Cash);-0.00069;0
04/05/2020;BTC (Bitcoin);-0.00069;0
04/05/2020;CADJPY;0.16;-0.76
04/05/2020;CHFJPY;-0.55;-0.15
04/05/2020;DASH (Dash);-0.00069;0
04/05/2020;ETC (Ethereum Classic);-0.00069;0
04/05/2020;ETH (Ethereum);-0.00069;0
04/05/2020;EURAUD;-1.25;-0.02
04/05/2020;EURCAD;-1.33;0.03
04/05/2020;EURCHF;-0.25;-0.55
04/05/2020;EURCZK;-2.7;1.2
04/05/2020;EURDKK;-1.5;-2.5
04/05/2020;EURGBP;-0.6;0.05
04/05/2020;EURJPY;-0.45;-0.5
04/05/2020;EURNOK;-7.8;-1.15
04/05/2020;EURNZD;-1.58;0.09
04/05/2020;EURRUB;-58.5;31.5
04/05/2020;EURSEK;-4.25;-2.5
04/05/2020;EURSGD;-1.55;0.33
04/05/2020;EURUSD;-0.85;0.05
04/05/2020;EURZAR;-42;28
04/05/2020;GBPAUD;-0.75;-0.41
04/05/2020;GBPCAD;-0.83;-0.45
04/05/2020;GBPCHF;0.15;-1.05
04/05/2020;GBPJPY;-0.12;-0.93
04/05/2020;GBPNZD;-1.1;-0.28
04/05/2020;GBPSEK;-0.85;-6.25
04/05/2020;GBPUSD;-0.85;0.05
04/05/2020;GOLD;-16.1;1.1
04/05/2020;LTC (Litecoin);-0.00069;0
04/05/2020;NOKSEK;0.22;-0.85
04/05/2020;NZDCAD;-0.26;-0.42
04/05/2020;NZDCHF;0.05;-0.81
04/05/2020;NZDJPY;0.04;-0.73
04/05/2020;NZDSGD;-0.55;-0.34
04/05/2020;NZDUSD;-0.25;-0.35
04/05/2020;SILVER;-0.25;0.05
04/05/2020;USDCAD;-0.3;-0.65
04/05/2020;USDCHF;0.15;-0.95
04/05/2020;USDCZK;-1.1;-0.7
04/05/2020;USDDKK;2.9;-6.8
04/05/2020;USDHUF;0.7;-2.7
04/05/2020;USDJPY;0.05;-0.8
04/05/2020;USDNOK;-3.55;-3.68
04/05/2020;USDRUB;-44.2;23.8
04/05/2020;USDSEK;-2.45;-3.36
04/05/2020;USDSGD;-0.43;-0.81
04/05/2020;XAGUSD;-0.25;0.05
04/05/2020;XAUUSD;-16.1;1.1
04/05/2020;XMR (Monero);-0.00069;0
04/05/2020;XPDUSD;-3;-0.5
04/05/2020;XPTUSD;-3.5;0.7
04/05/2020;XRP (Ripple);-0.00069;0
04/05/2020;ZEC (Zcash);-0.00069;0
01/06/2020;AUDCAD;-0.33;-0.37
01/06/2020;AUDCHF;0.11;-0.69
01/06/2020;AUDJPY;0.03;-0.58
01/06/2020;AUDNZD;-0.52;-0.27
01/06/2020;AUDUSD;-0.31;-0.03
01/06/2020;BCH (Bitcoin Cash);-0.00069;-0.00069
01/06/2020;BTC (Bitcoin);-0.00069;-0.00069
01/06/2020;CADJPY;0.16;-0.76
01/06/2020;CHFJPY;-0.55;-0.15
01/06/2020;DASH (Dash);-0.00069;-0.00069
01/06/2020;ETC (Ethereum Classic);-0.00069;-0.00069
01/06/2020;ETH (Ethereum);-0.00069;-0.00069
01/06/2020;EURAUD;-1.25;-0.02
01/06/2020;EURCAD;-1.33;0.03
01/06/2020;EURCHF;-0.19;-0.54
01/06/2020;EURCZK;-2.7;1.2
01/06/2020;EURDKK;-2.55;-3.4
01/06/2020;EURGBP;-0.59;0.05
01/06/2020;EURJPY;-0.44;-0.53
01/06/2020;EURNOK;-7.8;-1.15
01/06/2020;EURNZD;-1.58;0.09
01/06/2020;EURRUB;-58.5;31.5
01/06/2020;EURSEK;-4.25;-2.5
01/06/2020;EURSGD;-1.55;0.33
01/06/2020;EURUSD;-0.59;-0.03
01/06/2020;EURZAR;-42;28
01/06/2020;GBPAUD;-0.75;-0.41
01/06/2020;GBPCAD;-0.83;-0.45
01/06/2020;GBPCHF;0.12;-1.05
01/06/2020;GBPJPY;-0.12;-0.93
01/06/2020;GBPNZD;-1.1;-0.28
01/06/2020;GBPSEK;-0.85;-6.25
01/06/2020;GBPUSD;-0.88;0.04
01/06/2020;GOLD;-16.4;0.9
01/06/2020;LTC (Litecoin);-0.00069;-0.00069
01/06/2020;NOKSEK;0.22;-0.85
01/06/2020;NZDCAD;-0.26;-0.42
01/06/2020;NZDCHF;0.05;-0.81
01/06/2020;NZDJPY;0.04;-0.73
01/06/2020;NZDSGD;-0.55;-0.34
01/06/2020;NZDUSD;-0.22;-0.34
01/06/2020;SILVER;-0.25;0.04
01/06/2020;USDCAD;-0.28;-0.68
01/06/2020;USDCHF;0.14;-1.12
01/06/2020;USDCZK;-1.1;-0.7
01/06/2020;USDDKK;-2.3;-8.68
01/06/2020;USDHUF;0.7;-2.7
01/06/2020;USDJPY;0.05;-0.87
01/06/2020;USDNOK;-3.55;-3.68
01/06/2020;USDRUB;-44.2;23.8
01/06/2020;USDSEK;-2.45;-3.36
01/06/2020;USDSGD;-0.43;-0.81
01/06/2020;XAGUSD;-0.25;0.04
01/06/2020;XAUUSD;-16.4;0.9
01/06/2020;XMR (Monero);-0.00069;-0.00069
01/06/2020;XPDUSD;-3;-0.5
01/06/2020;XPTUSD;-3.5;0.7
01/06/2020;XRP (Ripple);-0.00069;-0.00069
01/06/2020;ZEC (Zcash);-0.00069;-0.00069
29/06/2020;AUDCAD;-0.33;-0.37
29/06/2020;AUDCHF;0.11;-0.68
29/06/2020;AUDJPY;0.03;-0.56
29/06/2020;AUDNZD;-0.52;-0.27
29/06/2020;AUDUSD;-0.28;-0.03
29/06/2020;BCH (Bitcoin Cash);-0.00069;-0.00069
29/06/2020;BTC (Bitcoin);-0.00069;-0.00069
29/06/2020;CADJPY;0.16;-0.75
29/06/2020;CHFJPY;-0.55;-0.15
29/06/2020;DASH (Dash);-0.00069;-0.00069
29/06/2020;ETC (Ethereum Classic);-0.00069;-0.00069
29/06/2020;ETH (Ethereum);-0.00069;-0.00069
29/06/2020;EURAUD;-1.25;-0.02
29/06/2020;EURCAD;-1.33;0.03
29/06/2020;EURCHF;-0.22;-0.53
29/06/2020;EURCZK;-2.7;1.2
29/06/2020;EURDKK;-2.55;-3.4
29/06/2020;EURGBP;-0.6;0.06
29/06/2020;EURJPY;-0.43;-0.46
29/06/2020;EURNOK;-7.8;-1.15
29/06/2020;EURNZD;-1.58;0.09
29/06/2020;EURRUB;-58.5;31.5
29/06/2020;EURSEK;-4.25;-2.5
29/06/2020;EURSGD;-1.55;0.33
29/06/2020;EURUSD;-0.57;-0.03
29/06/2020;EURZAR;-42;28
29/06/2020;GBPAUD;-0.75;-0.41
29/06/2020;GBPCAD;-0.79;-0.43
29/06/2020;GBPCHF;0.13;-1.03
29/06/2020;GBPJPY;-0.12;-0.96
29/06/2020;GBPNZD;-1.1;-0.28
29/06/2020;GBPSEK;-0.85;-6.25
29/06/2020;GBPUSD;-0.81;0.04
29/06/2020;GOLD;-16.5;0.9
29/06/2020;LTC (Litecoin);-0.00069;-0.00069
29/06/2020;NOKSEK;0.22;-0.85
29/06/2020;NZDCAD;-0.26;-0.42
29/06/2020;NZDCHF;0.05;-0.81
29/06/2020;NZDJPY;0.04;-0.73
29/06/2020;NZDSGD;-0.55;-0.34
29/06/2020;NZDUSD;-0.25;-0.33
29/06/2020;SILVER;-0.25;0.05
29/06/2020;USDCAD;-0.3;-0.62
29/06/2020;USDCHF;0.15;-0.95
29/06/2020;USDCZK;-1.1;-0.7
29/06/2020;USDDKK;-2.3;-8.68
29/06/2020;USDHUF;0.7;-2.7
29/06/2020;USDJPY;0.05;-0.85
29/06/2020;USDNOK;-3.55;-3.68
29/06/2020;USDRUB;-44.2;23.8
29/06/2020;USDSEK;-2.45;-3.36
29/06/2020;USDSGD;-0.43;-0.81
29/06/2020;XAGUSD;-0.25;0.05
29/06/2020;XAUUSD;-16.5;0.9
29/06/2020;XMR (Monero);-0.00069;-0.00069
29/06/2020;XPDUSD;-3;-0.5
29/06/2020;XPTUSD;-3.5;0.7
29/06/2020;XRP (Ripple);-0.00069;-0.00069
29/06/2020;ZEC (Zcash);-0.00069;-0.00069
03/08/2020;AUDCAD;-0.33;-0.37
03/08/2020;AUDCHF;0.11;-0.68
03/08/2020;AUDJPY;0.03;-0.56
03/08/2020;AUDNZD;-0.52;-0.27
03/08/2020;AUDUSD;-0.23;-0.27
03/08/2020;BCH (Bitcoin Cash);-0.00069;-0.00069
03/08/2020;BTC (Bitcoin);-0.00069;-0.00069
03/08/2020;CADJPY;0.16;-0.75
03/08/2020;CHFJPY;-0.55;-0.15
03/08/2020;DASH (Dash);-0.00069;-0.00069
03/08/2020;ETC (Ethereum Classic);-0.00069;-0.00069
03/08/2020;ETH (Ethereum);-0.00069;-0.00069
03/08/2020;EURAUD;-1.25;-0.02
03/08/2020;EURCAD;-1.33;0.03
03/08/2020;EURCHF;-0.2;-0.55
03/08/2020;EURCZK;-2.7;1.2
03/08/2020;EURDKK;-2.55;-3.4
03/08/2020;EURGBP;-0.46;-0.08
03/08/2020;EURJPY;-0.42;-0.51
03/08/2020;EURNOK;-7.87;-1.15
03/08/2020;EURNZD;-1.58;0.09
03/08/2020;EURRUB;-58.5;31.5
03/08/2020;EURSEK;-4.25;-2.5
03/08/2020;EURSGD;-1.55;0.33
03/08/2020;EURUSD;-0.6;-0.03
03/08/2020;EURZAR;-42;28
03/08/2020;GBPAUD;-0.75;-0.41
03/08/2020;GBPCAD;-0.79;-0.43
03/08/2020;GBPCHF;0.15;-1.15
03/08/2020;GBPJPY;-0.13;-0.95
03/08/2020;GBPNZD;-1.1;-0.28
03/08/2020;GBPSEK;-0.85;-6.25
03/08/2020;GBPUSD;-0.45;-0.25
03/08/2020;GOLD;-15.5;-5.5
03/08/2020;LTC (Litecoin);-0.00069;-0.00069
03/08/2020;NOKSEK;0.22;-0.85
03/08/2020;NZDCAD;-0.26;-0.42
03/08/2020;NZDCHF;0.05;-0.81
03/08/2020;NZDJPY;0.04;-0.73
03/08/2020;NZDSGD;-0.55;-0.34
03/08/2020;NZDUSD;-0.23;-0.33
03/08/2020;SILVER;-0.25;0.05
03/08/2020;USDCAD;-0.27;-0.63
03/08/2020;USDCHF;0.15;-1.05
03/08/2020;USDCZK;-1.1;-0.7
03/08/2020;USDDKK;-2.3;-8.68
03/08/2020;USDHUF;0.7;-2.7
03/08/2020;USDJPY;-0.15;-0.45
03/08/2020;USDNOK;-3.55;-3.68
03/08/2020;USDRUB;-44.2;23.8
03/08/2020;USDSEK;-2.45;-3.36
03/08/2020;USDSGD;-0.43;-0.81
03/08/2020;XAGUSD;-0.25;0.05
03/08/2020;XAUUSD;-15.5;-5.5
03/08/2020;XMR (Monero);-0.00069;-0.00069
03/08/2020;XPDUSD;-3;-0.5
03/08/2020;XPTUSD;-3.5;0.7
03/08/2020;XRP (Ripple);-0.00069;-0.00069
03/08/2020;ZEC (Zcash);-0.00069;-0.00069
31/08/2020;AUDCAD;-0.33;-0.37
31/08/2020;AUDCHF;0.11;-0.68
31/08/2020;AUDJPY;0.03;-0.56
31/08/2020;AUDNZD;-0.52;-0.27
31/08/2020;AUDUSD;-0.22;-0.24
31/08/2020;BCH (Bitcoin Cash);-0.00069;-0.00069
31/08/2020;BTC (Bitcoin);-0.00069;-0.00069
31/08/2020;CADJPY;0.16;-0.75
31/08/2020;CHFJPY;-0.53;-0.15
31/08/2020;DASH (Dash);-0.00069;-0.00069
31/08/2020;ETC (Ethereum Classic);-0.00069;-0.00069
31/08/2020;ETH (Ethereum);-0.00069;-0.00069
31/08/2020;EURAUD;-1.25;-0.02
31/08/2020;EURCAD;-1.33;0.03
31/08/2020;EURCHF;-0.21;-0.53
31/08/2020;EURCZK;-2.7;1.2
31/08/2020;EURDKK;-2.55;-3.4
31/08/2020;EURGBP;-0.43;-0.08
31/08/2020;EURJPY;-0.44;-0.52
31/08/2020;EURNOK;-7.87;-1.15
31/08/2020;EURNZD;-1.58;0.09
31/08/2020;EURRUB;-58.5;31.5
31/08/2020;EURSEK;-4.25;-2.5
31/08/2020;EURSGD;-1.55;0.33
31/08/2020;EURUSD;-0.61;-0.05
31/08/2020;EURZAR;-42;28
31/08/2020;GBPAUD;-0.75;-0.41
31/08/2020;GBPCAD;-0.79;-0.43
31/08/2020;GBPCHF;0.13;-1.09
31/08/2020;GBPJPY;-0.13;-0.95
31/08/2020;GBPNZD;-1.1;-0.28
31/08/2020;GBPSEK;-0.85;-6.25
31/08/2020;GBPUSD;-0.44;-0.24
31/08/2020;GOLD;-14.4;-5.2
31/08/2020;LTC (Litecoin);-0.00069;-0.00069
31/08/2020;NOKSEK;0.22;-0.85
31/08/2020;NZDCAD;-0.26;-0.42
31/08/2020;NZDCHF;0.05;-0.81
31/08/2020;NZDJPY;0.04;-0.73
31/08/2020;NZDSGD;-0.55;-0.34
31/08/2020;NZDUSD;-0.22;-0.35
31/08/2020;SILVER;-0.26;0.05
31/08/2020;USDCAD;-0.26;-0.66
31/08/2020;USDCHF;0.14;-1.1
31/08/2020;USDCZK;-1.1;-0.7
31/08/2020;USDDKK;-2.3;-8.68
31/08/2020;USDHUF;0.7;-2.7
31/08/2020;USDJPY;-0.14;-0.47
31/08/2020;USDNOK;-3.55;-3.68
31/08/2020;USDRUB;-44.2;23.8
31/08/2020;USDSEK;-2.45;-3.36
31/08/2020;USDSGD;-0.43;-0.81
31/08/2020;XAGUSD;-0.26;0.05
31/08/2020;XAUUSD;-14.4;-5.2
31/08/2020;XMR (Monero);-0.00069;-0.00069
31/08/2020;XPDUSD;-3;-0.5
31/08/2020;XPTUSD;-3.5;0.7
31/08/2020;XRP (Ripple);-0.00069;-0.00069
31/08/2020;ZEC (Zcash);-0.00069;-0.00069
28/09/2020;AUDCAD;-0.34;-0.38
28/09/2020;AUDCHF;0.11;-0.68
28/09/2020;AUDJPY;-0.1;-0.4
28/09/2020;AUDNZD;-0.52;-0.27
28/09/2020;AUDUSD;-0.23;-0.27
28/09/2020;BCH (Bitcoin Cash);-0.00069;-0.00069
28/09/2020;BTC (Bitcoin);-0.00069;-0.00069
28/09/2020;CADJPY;-0.14;-0.4
28/09/2020;CHFJPY;-0.53;-0.15
28/09/2020;DASH (Dash);-0.00069;-0.00069
28/09/2020;ETC (Ethereum Classic);-0.00069;-0.00069
28/09/2020;ETH (Ethereum);-0.00069;-0.00069
28/09/2020;EURAUD;-1.1;-0.05
28/09/2020;EURCAD;-0.8;-0.07
28/09/2020;EURCHF;-0.21;-0.56
28/09/2020;EURCZK;-2.7;1.2
28/09/2020;EURDKK;-2.55;-3.4
28/09/2020;EURGBP;-0.44;-0.08
28/09/2020;EURJPY;-0.51;-0.21
28/09/2020;EURNOK;-7.87;-1.15
28/09/2020;EURNZD;-1.1;-0.09
28/09/2020;EURRUB;-58.5;31.5
28/09/2020;EURSEK;-4.25;-2.5
28/09/2020;EURSGD;-1.55;0.33
28/09/2020;EURUSD;-0.62;-0.03
28/09/2020;EURZAR;-42;28
28/09/2020;GBPAUD;-0.75;-0.41
28/09/2020;GBPCAD;-0.58;-0.39
28/09/2020;GBPCHF;0.02;-0.76
28/09/2020;GBPJPY;-0.26;-0.57
28/09/2020;GBPNZD;-0.79;-0.48
28/09/2020;GBPSEK;-0.85;-6.25
28/09/2020;GBPUSD;-0.42;-0.24
28/09/2020;GOLD;-14.8;-5.8
28/09/2020;LTC (Litecoin);-0.00069;-0.00069
28/09/2020;NOKSEK;0.22;-0.85
28/09/2020;NZDCAD;-0.26;-0.42
28/09/2020;NZDCHF;0.05;-0.81
28/09/2020;NZDJPY;-0.09;-0.53
28/09/2020;NZDSGD;-0.55;-0.34
28/09/2020;NZDUSD;-0.22;-0.38
28/09/2020;SILVER;-0.25;0.05
28/09/2020;USDCAD;-0.28;-0.67
28/09/2020;USDCHF;0.05;-0.63
28/09/2020;USDCZK;-1.1;-0.7
28/09/2020;USDDKK;-2.3;-8.68
28/09/2020;USDHUF;0.7;-2.7
28/09/2020;USDJPY;-0.14;-0.49
28/09/2020;USDNOK;-3.55;-3.68
28/09/2020;USDRUB;-44.2;23.8
28/09/2020;USDSEK;-2.45;-3.36
28/09/2020;USDSGD;-0.43;-0.81
28/09/2020;XAGUSD;-0.25;0.05
28/09/2020;XAUUSD;-14.8;-5.8
28/09/2020;XMR (Monero);-0.00069;-0.00069
28/09/2020;XPDUSD;-3;-0.5
28/09/2020;XPTUSD;-3.5;0.7
28/09/2020;XRP (Ripple);-0.00069;-0.00069
28/09/2020;ZEC (Zcash);-0.00069;-0.00069
02/11/2020;AUDCAD;-0.33;-0.37
02/11/2020;AUDCHF;0.11;-0.67
02/11/2020;AUDJPY;-0.1;-0.4
02/11/2020;AUDNZD;-0.52;-0.27
02/11/2020;AUDUSD;-0.25;-0.28
02/11/2020;BCH (Bitcoin Cash);-0.00069;-0.00069
02/11/2020;BTC (Bitcoin);-0.00069;-0.00069
02/11/2020;CADJPY;-0.14;-0.4
02/11/2020;CHFJPY;-0.53;-0.15
02/11/2020;DASH (Dash);-0.00069;-0.00069
02/11/2020;ETC (Ethereum Classic);-0.00069;-0.00069
02/11/2020;ETH (Ethereum);-0.00069;-0.00069
02/11/2020;EURAUD;-0.95;-0.06
02/11/2020;EURCAD;-0.8;-0.07
02/11/2020;EURCHF;-0.2;-0.55
02/11/2020;EURCZK;-2.7;-1.2
02/11/2020;EURDKK;-2.55;-3.4
02/11/2020;EURGBP;-0.45;-0.08
02/11/2020;EURJPY;-0.5;-0.23
02/11/2020;EURNOK;-7.8;-1.15
02/11/2020;EURNZD;-1.1;-0.09
02/11/2020;EURRUB;-58.5;31.5
02/11/2020;EURSEK;-4.25;-2.5
02/11/2020;EURSGD;-1.55;-0.33
02/11/2020;EURUSD;-0.55;-0.04
02/11/2020;EURZAR;-42;28
02/11/2020;GBPAUD;-0.75;-0.41
02/11/2020;GBPCAD;-0.58;-0.39
02/11/2020;GBPCHF;0.02;-0.72
02/11/2020;GBPJPY;-0.27;-0.53
02/11/2020;GBPNZD;-0.79;-0.48
02/11/2020;GBPSEK;-0.85;-6.25
02/11/2020;GBPUSD;-0.44;-0.24
02/11/2020;GOLD;-13.5;-5.5
02/11/2020;LTC (Litecoin);-0.00069;-0.00069
02/11/2020;NOKSEK;0.22;-0.85
02/11/2020;NZDCAD;-0.26;-0.42
02/11/2020;NZDCHF;0.05;-0.81
02/11/2020;NZDJPY;-0.09;-0.5
02/11/2020;NZDSGD;-0.55;-0.34
02/11/2020;NZDUSD;-0.23;-0.35
02/11/2020;SILVER;-0.24;0.04
02/11/2020;USDCAD;-0.26;-0.58
02/11/2020;USDCHF;0.05;-0.6
02/11/2020;USDCZK;-1.1;-0.7
02/11/2020;USDDKK;-2.3;-8.68
02/11/2020;USDHUF;-0.7;-2.7
02/11/2020;USDJPY;-0.17;-0.48
02/11/2020;USDNOK;-3.55;-3.68
02/11/2020;USDRUB;-44.2;23.8
02/11/2020;USDSEK;-2.45;-3.36
02/11/2020;USDSGD;-0.43;-0.81
02/11/2020;XAGUSD;-0.24;0.04
02/11/2020;XAUUSD;-13.5;-5.5
02/11/2020;XMR (Monero);-0.00069;-0.00069
02/11/2020;XPDUSD;-3;-0.5
02/11/2020;XPTUSD;-3.5;0.7
02/11/2020;XRP (Ripple);-0.00069;-0.00069
02/11/2020;ZEC (Zcash);-0.00069;-0.00069
30/11/2020;AUDCAD;-0.33;-0.37
30/11/2020;AUDCHF;0.11;-0.67
30/11/2020;AUDJPY;-0.1;-0.4
30/11/2020;AUDNZD;-0.52;-0.27
30/11/2020;AUDUSD;-0.23;-0.25
30/11/2020;BCH (Bitcoin Cash);-0.00069;-0.00069
30/11/2020;BTC (Bitcoin);-0.00069;-0.00069
30/11/2020;CADJPY;-0.14;-0.4
30/11/2020;CHFJPY;-0.53;-0.15
30/11/2020;DASH (Dash);-0.00069;-0.00069
30/11/2020;ETC (Ethereum Classic);-0.00069;-0.00069
30/11/2020;ETH (Ethereum);-0.00069;-0.00069
30/11/2020;EURAUD;-0.95;-0.06
30/11/2020;EURCAD;-0.8;-0.07
30/11/2020;EURCHF;-0.2;-0.55
30/11/2020;EURCZK;-2.7;-1.2
30/11/2020;EURDKK;-2.55;-3.4
30/11/2020;EURGBP;-0.45;-0.08
30/11/2020;EURJPY;-0.48;-0.22
30/11/2020;EURNOK;-7.8;-1.15
30/11/2020;EURNZD;-1.03;-0.09
30/11/2020;EURRUB;-58.5;31.5
30/11/2020;EURSEK;-4.25;-2.4
30/11/2020;EURSGD;-1.55;-0.33
30/11/2020;EURUSD;-0.57;-0.03
30/11/2020;EURZAR;-42;28
30/11/2020;GBPAUD;-0.75;-0.41
30/11/2020;GBPCAD;-0.58;-0.39
30/11/2020;GBPCHF;0.02;-0.75
30/11/2020;GBPJPY;-0.25;-0.55
30/11/2020;GBPNZD;-0.79;-0.48
30/11/2020;GBPSEK;-0.85;-6.25
30/11/2020;GBPUSD;-0.45;-0.25
30/11/2020;GOLD;-13.5;-5.5
30/11/2020;LTC (Litecoin);-0.00069;-0.00069
30/11/2020;NOKSEK;0.22;-0.85
30/11/2020;NZDCAD;-0.26;-0.42
30/11/2020;NZDCHF;0.05;-0.81
30/11/2020;NZDJPY;-0.09;-0.5
30/11/2020;NZDSGD;-0.55;-0.34
30/11/2020;NZDUSD;-0.25;-0.35
30/11/2020;SILVER;-0.25;0.05
30/11/2020;USDCAD;-0.28;-0.65
30/11/2020;USDCHF;0.05;-0.6
30/11/2020;USDCZK;-1.1;-0.7
30/11/2020;USDDKK;-2.3;-8.68
30/11/2020;USDHUF;-0.7;-2.7
30/11/2020;USDJPY;-0.15;-0.45
30/11/2020;USDNOK;-3.55;-3.68
30/11/2020;USDRUB;-44.2;23.8
30/11/2020;USDSEK;-2.45;-3.36
30/11/2020;USDSGD;-0.43;-0.81
30/11/2020;XAGUSD;-0.25;0.05
30/11/2020;XAUUSD;-13.5;-5.5
30/11/2020;XMR (Monero);-0.00069;-0.00069
30/11/2020;XPDUSD;-3;-0.5
30/11/2020;XPTUSD;-3.5;0.7
30/11/2020;XRP (Ripple);-0.00069;-0.00069
30/11/2020;ZEC (Zcash);-0.00069;-0.00069
04/01/2021;AUDCAD;-0.33;-0.37
04/01/2021;AUDCHF;0.11;-0.67
04/01/2021;AUDJPY;-0.1;-0.4
04/01/2021;AUDNZD;-0.52;-0.27
04/01/2021;AUDUSD;-0.22;-0.24
04/01/2021;BCH (Bitcoin Cash);-0.00069;-0.00069
04/01/2021;BTC (Bitcoin);-0.00069;-0.00069
04/01/2021;CADJPY;-0.12;-0.38
04/01/2021;CHFJPY;-0.53;-0.15
04/01/2021;DASH (Dash);-0.00069;-0.00069
04/01/2021;ETC (Ethereum Classic);-0.00069;-0.00069
04/01/2021;ETH (Ethereum);-0.00069;-0.00069
04/01/2021;EURAUD;-0.95;-0.04
04/01/2021;EURCAD;-0.8;-0.07
04/01/2021;EURCHF;-0.21;-0.53
04/01/2021;EURCZK;-2.7;-1.2
04/01/2021;EURDKK;-2.55;-3.4
04/01/2021;EURGBP;-0.43;-0.08
04/01/2021;EURJPY;-0.49;-0.2
04/01/2021;EURNOK;-7.8;-1.15
04/01/2021;EURNZD;-0.98;-0.09
04/01/2021;EURRUB;-58.5;31.5
04/01/2021;EURSEK;-4.25;-2.4
04/01/2021;EURSGD;-1.55;0.3
04/01/2021;EURUSD;-0.58;-0.04
04/01/2021;EURZAR;-42;28
04/01/2021;GBPAUD;-0.75;-0.41
04/01/2021;GBPCAD;-0.58;-0.39
04/01/2021;GBPCHF;0.02;-0.75
04/01/2021;GBPJPY;-0.26;-0.53
04/01/2021;GBPNZD;-0.73;-0.45
04/01/2021;GBPSEK;-0.85;-6.25
04/01/2021;GBPUSD;-0.48;-0.25
04/01/2021;GOLD;-13.4;-4.4
04/01/2021;LTC (Litecoin);-0.00069;-0.00069
04/01/2021;NOKSEK;0.22;-0.85
04/01/2021;NZDCAD;-0.24;-0.4
04/01/2021;NZDCHF;0.05;-0.81
04/01/2021;NZDJPY;-0.09;-0.46
04/01/2021;NZDSGD;-0.55;-0.34
04/01/2021;NZDUSD;-0.22;-0.36
04/01/2021;SILVER;-0.09;-0.05
04/01/2021;USDCAD;-0.27;-0.61
04/01/2021;USDCHF;0.05;-0.58
04/01/2021;USDCZK;-1.1;-0.7
04/01/2021;USDDKK;-2.3;-8.68
04/01/2021;USDHUF;-0.7;-2.7
04/01/2021;USDJPY;-0.14;-0.49
04/01/2021;USDNOK;-3.55;-3.68
04/01/2021;USDRUB;-44.2;23.8
04/01/2021;USDSEK;-2.45;-3.36
04/01/2021;USDSGD;-0.43;-0.81
04/01/2021;XAGUSD;-0.09;-0.05
04/01/2021;XAUUSD;-13.4;-4.4
04/01/2021;XMR (Monero);-0.00069;-0.00069
04/01/2021;XPDUSD;-3;-0.5
04/01/2021;XPTUSD;-3.5;0.7
04/01/2021;XRP (Ripple);-0.00069;-0.00069
04/01/2021;ZEC (Zcash);-0.00069;-0.00069
01/02/2021;AUDCAD;-0.34;-0.38
01/02/2021;AUDCHF;0.11;-0.67
01/02/2021;AUDJPY;-0.1;-0.4
01/02/2021;AUDNZD;-0.52;-0.27
01/02/2021;AUDUSD;-0.23;-0.25
01/02/2021;BCH (Bitcoin Cash);-0.00169;-0.00169
01/02/2021;BTC (Bitcoin);-0.00169;-0.00169
01/02/2021;CADJPY;-0.12;-0.38
01/02/2021;CHFJPY;-0.53;-0.15
01/02/2021;DASH (Dash);-0.00169;-0.00169
01/02/2021;ETC (Ethereum Classic);-0.00169;-0.00169
01/02/2021;ETH (Ethereum);-0.00169;-0.00169
01/02/2021;EURAUD;-0.95;-0.04
01/02/2021;EURCAD;-0.8;-0.07
01/02/2021;EURCHF;-0.21;-0.57
01/02/2021;EURCZK;-2.7;-1.2
01/02/2021;EURDKK;-2.55;-3.4
01/02/2021;EURGBP;-0.46;-0.08
01/02/2021;EURJPY;-0.52;-0.22
01/02/2021;EURNOK;-7.8;-1.15
01/02/2021;EURNZD;-0.98;-0.09
01/02/2021;EURRUB;-58.5;31.5
01/02/2021;EURSEK;-4.25;-2.4
01/02/2021;EURSGD;-1.55;0.3
01/02/2021;EURUSD;-0.62;-0.03
01/02/2021;EURZAR;-42;28
01/02/2021;GBPAUD;-0.75;-0.41
01/02/2021;GBPCAD;-0.58;-0.39
01/02/2021;GBPCHF;0.02;-0.83
01/02/2021;GBPJPY;-0.29;-0.61
01/02/2021;GBPNZD;-0.73;-0.45
01/02/2021;GBPSEK;-0.85;-6.25
01/02/2021;GBPUSD;-0.49;-0.26
01/02/2021;GOLD;-13.9;-5.2
01/02/2021;LTC (Litecoin);-0.00169;-0.00169
01/02/2021;NOKSEK;0.22;-0.85
01/02/2021;NZDCAD;-0.24;-0.4
01/02/2021;NZDCHF;0.05;-0.81
01/02/2021;NZDJPY;-0.09;-0.46
01/02/2021;NZDSGD;-0.55;-0.34
01/02/2021;NZDUSD;-0.25;-0.37
01/02/2021;SILVER;-0.09;-0.05
01/02/2021;USDCAD;-0.31;-0.72
01/02/2021;USDCHF;0.05;-0.66
01/02/2021;USDCZK;-1.1;-0.7
01/02/2021;USDDKK;-2.3;-8.68
01/02/2021;USDHUF;-0.7;-2.7
01/02/2021;USDJPY;-0.15;-0.52
01/02/2021;USDNOK;-3.55;-3.68
01/02/2021;USDRUB;-44.2;23.8
01/02/2021;USDSEK;-2.45;-3.36
01/02/2021;USDSGD;-0.43;-0.81
01/02/2021;XAGUSD;-0.09;-0.05
01/02/2021;XAUUSD;-13.9;-5.2
01/02/2021;XMR (Monero);-0.00169;-0.00169
01/02/2021;XPDUSD;-3;-0.5
01/02/2021;XPTUSD;-3.5;0.7
01/02/2021;XRP (Ripple);-0.00169;-0.00169
01/02/2021;ZEC (Zcash);-0.00169;-0.00169
01/03/2021;AUDCAD;-0.37;-0.41
01/03/2021;AUDCHF;0.11;-0.74
01/03/2021;AUDJPY;-0.1;-0.44
01/03/2021;AUDNZD;-0.55;-0.27
01/03/2021;AUDUSD;-0.25;-0.28
01/03/2021;BCH (Bitcoin Cash);-0.00169;-0.00169
01/03/2021;BTC (Bitcoin);-0.00169;-0.00169
01/03/2021;CADJPY;-0.12;-0.42
01/03/2021;CHFJPY;-0.57;-0.17
01/03/2021;DASH (Dash);-0.00169;-0.00169
01/03/2021;ETC (Ethereum Classic);-0.00169;-0.00169
01/03/2021;ETH (Ethereum);-0.00169;-0.00169
01/03/2021;EURAUD;-1.01;-0.04
01/03/2021;EURCAD;-0.85;-0.07
01/03/2021;EURCHF;-0.23;-0.57
01/03/2021;EURCZK;-2.7;-1.2
01/03/2021;EURDKK;-2.55;-3.4
01/03/2021;EURGBP;-0.47;-0.09
01/03/2021;EURJPY;-0.49;-0.23
01/03/2021;EURNOK;-8.1;-1.15
01/03/2021;EURNZD;-1.05;-0.09
01/03/2021;EURRUB;-58.5;31.5
01/03/2021;EURSEK;-4.55;-2.5
01/03/2021;EURSGD;-1.55;0.3
01/03/2021;EURUSD;-0.63;-0.03
01/03/2021;EURZAR;-42;28
01/03/2021;GBPAUD;-0.82;-0.41
01/03/2021;GBPCAD;-0.59;-0.4
01/03/2021;GBPCHF;0.02;-0.78
01/03/2021;GBPJPY;-0.28;-0.55
01/03/2021;GBPNZD;-0.78;-0.47
01/03/2021;GBPSEK;-0.85;-6.25
01/03/2021;GBPUSD;-0.49;-0.27
01/03/2021;GOLD;-14.5;-5.5
01/03/2021;LTC (Litecoin);-0.00169;-0.00169
01/03/2021;NOKSEK;0.22;-0.85
01/03/2021;NZDCAD;-0.24;-0.43
01/03/2021;NZDCHF;0.05;-0.81
01/03/2021;NZDJPY;-0.09;-0.46
01/03/2021;NZDSGD;-0.55;-0.34
01/03/2021;NZDUSD;-0.26;-0.38
01/03/2021;SILVER;-0.09;-0.06
01/03/2021;USDCAD;-0.32;-0.65
01/03/2021;USDCHF;0.05;-0.65
01/03/2021;USDCZK;-1.1;-0.7
01/03/2021;USDDKK;-2.3;-8.68
01/03/2021;USDHUF;-0.7;-2.7
01/03/2021;USDJPY;-0.17;-0.49
01/03/2021;USDNOK;-3.95;-4.1
01/03/2021;USDRUB;-44.2;23.8
01/03/2021;USDSEK;-2.65;-3.86
01/03/2021;USDSGD;-0.45;-0.86
01/03/2021;XAGUSD;-0.09;-0.06
01/03/2021;XAUUSD;-14.5;-5.5
01/03/2021;XMR (Monero);-0.00169;-0.00169
01/03/2021;XPDUSD;-3;-0.5
01/03/2021;XPTUSD;-3.5;0.7
01/03/2021;XRP (Ripple);-0.00169;-0.00169
01/03/2021;ZEC (Zcash);-0.00169;-0.00169
29/03/2021;AUDCAD;-0.36;-0.41
29/03/2021;AUDCHF;0.11;-0.74
29/03/2021;AUDJPY;-0.1;-0.44
29/03/2021;AUDNZD;-0.55;-0.27
29/03/2021;AUDUSD;-0.24;-0.26
29/03/2021;BCH (Bitcoin Cash);-0.00169;-0.00169
29/03/2021;BTC (Bitcoin);-0.00169;-0.00169
29/03/2021;CADJPY;-0.12;-0.42
29/03/2021;CHFJPY;-0.55;-0.15
29/03/2021;DASH (Dash);-0.00169;-0.00169
29/03/2021;ETC (Ethereum Classic);-0.00169;-0.00169
29/03/2021;ETH (Ethereum);-0.00169;-0.00169
29/03/2021;EURAUD;-1.01;-0.04
29/03/2021;EURCAD;-0.85;-0.07
29/03/2021;EURCHF;-0.22;-0.59
29/03/2021;EURCZK;-2.7;-1.2
29/03/2021;EURDKK;-2.55;-3.4
29/03/2021;EURGBP;-0.48;-0.08
29/03/2021;EURJPY;-0.52;-0.22
29/03/2021;EURNOK;-8.1;-1.25
29/03/2021;EURNZD;-1.05;-0.09
29/03/2021;EURRUB;-58.5;31.5
29/03/2021;EURSEK;-4.55;-2.5
29/03/2021;EURSGD;-1.55;0.3
29/03/2021;EURUSD;-0.67;-0.04
29/03/2021;EURZAR;-42;28
29/03/2021;GBPAUD;-0.82;-0.41
29/03/2021;GBPCAD;-0.59;-0.4
29/03/2021;GBPCHF;0.02;-0.78
29/03/2021;GBPJPY;-0.27;-0.59
29/03/2021;GBPNZD;-0.78;-0.47
29/03/2021;GBPSEK;-0.85;-6.25
29/03/2021;GBPUSD;-0.47;-0.27
29/03/2021;GOLD;-14.4;-5.4
29/03/2021;LTC (Litecoin);-0.00169;-0.00169
29/03/2021;NOKSEK;0.22;-0.85
29/03/2021;NZDCAD;-0.24;-0.43
29/03/2021;NZDCHF;0.05;-0.86
29/03/2021;NZDJPY;-0.09;-0.46
29/03/2021;NZDSGD;-0.55;-0.34
29/03/2021;NZDUSD;-0.24;-0.36
29/03/2021;SILVER;-0.09;-0.05
29/03/2021;USDCAD;-0.3;-0.69
29/03/2021;USDCHF;0.04;-0.68
29/03/2021;USDCZK;-1.1;-0.7
29/03/2021;USDDKK;-2.3;-9.8
29/03/2021;USDHUF;-0.7;-2.7
29/03/2021;USDJPY;-0.15;-0.48
29/03/2021;USDNOK;-3.95;-4.1
29/03/2021;USDRUB;-44.2;23.8
29/03/2021;USDSEK;-2.65;-3.86
29/03/2021;USDSGD;-0.45;-0.86
29/03/2021;XAGUSD;-0.09;-0.05
29/03/2021;XAUUSD;-14.4;-5.4
29/03/2021;XMR (Monero);-0.00169;-0.00169
29/03/2021;XPDUSD;-3;-0.5
29/03/2021;XPTUSD;-3.5;0.7
29/03/2021;XRP (Ripple);-0.00169;-0.00169
29/03/2021;ZEC (Zcash);-0.00169;-0.00169
03/05/2021;AUDCAD;-0.35;-0.41
03/05/2021;AUDCHF;0.1;-0.74
03/05/2021;AUDJPY;-0.17;-0.44
03/05/2021;AUDNZD;-0.55;-0.27
03/05/2021;AUDUSD;-0.29;-0.26
03/05/2021;BCH (Bitcoin Cash);-0.00169;-0.00169
03/05/2021;BTC (Bitcoin);-0.00169;-0.00169
03/05/2021;CADJPY;-0.12;-0.42
03/05/2021;CHFJPY;-0.6;-0.15
03/05/2021;DASH (Dash);-0.00169;-0.00169
03/05/2021;ETC (Ethereum Classic);-0.00169;-0.00169
03/05/2021;ETH (Ethereum);-0.00169;-0.00169
03/05/2021;EURAUD;-1.01;-0.08
03/05/2021;EURCAD;-0.85;-0.07
03/05/2021;EURCHF;-0.22;-0.61
03/05/2021;EURCZK;-2.7;-1.2
03/05/2021;EURDKK;-2.55;-3.4
03/05/2021;EURGBP;-0.51;-0.08
03/05/2021;EURJPY;-0.53;-0.27
03/05/2021;EURNOK;-8.1;-1.25
03/05/2021;EURNZD;-1.25;-0.09
03/05/2021;EURRUB;-58.5;31.5
03/05/2021;EURSEK;-5.65;-2.4
03/05/2021;EURSGD;-1.55;0.3
03/05/2021;EURUSD;-0.73;-0.03
03/05/2021;EURZAR;-42;28
03/05/2021;GBPAUD;-0.82;-0.55
03/05/2021;GBPCAD;-0.59;-0.4
03/05/2021;GBPCHF;0.02;-0.8
03/05/2021;GBPJPY;-0.27;-0.79
03/05/2021;GBPNZD;-0.98;-0.47
03/05/2021;GBPSEK;-0.85;-6.25
03/05/2021;GBPUSD;-0.55;-0.29
03/05/2021;GOLD;-17.5;-11.2
03/05/2021;LTC (Litecoin);-0.00169;-0.00169
03/05/2021;NOKSEK;0.22;-0.85
03/05/2021;NZDCAD;-0.24;-0.43
03/05/2021;NZDCHF;0.05;-0.86
03/05/2021;NZDJPY;-0.09;-0.46
03/05/2021;NZDSGD;-0.55;-0.34
03/05/2021;NZDUSD;-0.24;-0.37
03/05/2021;SILVER;-0.09;-0.05
03/05/2021;USDCAD;-0.33;-0.69
03/05/2021;USDCHF;0.04;-0.76
03/05/2021;USDCZK;-1.1;-0.7
03/05/2021;USDDKK;-2.3;-9.8
03/05/2021;USDHUF;-0.7;-2.7
03/05/2021;USDJPY;-0.15;-0.56
03/05/2021;USDNOK;-3.95;-4.1
03/05/2021;USDRUB;-44.2;23.8
03/05/2021;USDSEK;-2.65;-3.86
03/05/2021;USDSGD;-0.45;-0.86
03/05/2021;XAGUSD;-0.09;-0.05
03/05/2021;XAUUSD;-17.5;-11.2
03/05/2021;XMR (Monero);-0.00169;-0.00169
03/05/2021;XPDUSD;-3;-0.5
03/05/2021;XPTUSD;-3.5;0.7
03/05/2021;XRP (Ripple);-0.00169;-0.00169
03/05/2021;ZEC (Zcash);-0.00169;-0.00169
31/05/2021;AUDCAD;-0.36;-0.41
31/05/2021;AUDCHF;0.1;-0.74
31/05/2021;AUDJPY;-0.17;-0.44
31/05/2021;AUDNZD;-0.55;-0.27
31/05/2021;AUDUSD;-0.29;-0.26
31/05/2021;BCH (Bitcoin Cash);-0.00169;-0.00169
31/05/2021;BTC (Bitcoin);-0.00169;-0.00169
31/05/2021;CADJPY;-0.12;-0.42
31/05/2021;CHFJPY;-0.6;-0.15
31/05/2021;DASH (Dash);-0.00169;-0.00169
31/05/2021;ETC (Ethereum Classic);-0.00169;-0.00169
31/05/2021;ETH (Ethereum);-0.00169;-0.00169
31/05/2021;EURAUD;-1.01;-0.08
31/05/2021;EURCAD;-0.85;-0.05
31/05/2021;EURCHF;-0.22;-0.56
31/05/2021;EURCZK;-2.7;-1.2
31/05/2021;EURDKK;-2.55;-3.4
31/05/2021;EURGBP;-0.49;-0.08
31/05/2021;EURJPY;-0.51;-0.27
31/05/2021;EURNOK;-8.1;-1.25
31/05/2021;EURNZD;-1.25;-0.09
31/05/2021;EURRUB;-58.5;31.5
31/05/2021;EURSEK;-5.65;-2.2
31/05/2021;EURSGD;-1.55;0.3
31/05/2021;EURUSD;-0.7;-0.03
31/05/2021;EURZAR;-42;28
31/05/2021;GBPAUD;-0.82;-0.55
31/05/2021;GBPCAD;-0.59;-0.4
31/05/2021;GBPCHF;0.02;-0.8
31/05/2021;GBPJPY;-0.27;-0.76
31/05/2021;GBPNZD;-1;-0.44
31/05/2021;GBPSEK;-0.85;-6.25
31/05/2021;GBPUSD;-0.53;-0.29
31/05/2021;GOLD;-17.5;-11.2
31/05/2021;LTC (Litecoin);-0.00169;-0.00169
31/05/2021;NOKSEK;0.22;-0.85
31/05/2021;NZDCAD;-0.24;-0.43
31/05/2021;NZDCHF;0.05;-0.86
31/05/2021;NZDJPY;-0.09;-0.49
31/05/2021;NZDSGD;-0.55;-0.34
31/05/2021;NZDUSD;-0.24;-0.37
31/05/2021;SILVER;-0.09;-0.05
31/05/2021;USDCAD;-0.29;-0.66
31/05/2021;USDCHF;0.04;-0.66
31/05/2021;USDCZK;-1.1;-0.7
31/05/2021;USDDKK;-2.3;-9.8
31/05/2021;USDHUF;-0.7;-2.7
31/05/2021;USDJPY;-0.15;-0.54
31/05/2021;USDNOK;-3.95;-4.2
31/05/2021;USDRUB;-44.2;23.8
31/05/2021;USDSEK;-2.65;-3.86
31/05/2021;USDSGD;-0.45;-0.86
31/05/2021;XAGUSD;-0.09;-0.05
31/05/2021;XAUUSD;-17.5;-11.2
31/05/2021;XMR (Monero);-0.00169;-0.00169
31/05/2021;XPDUSD;-3;-0.5
31/05/2021;XPTUSD;-3.5;0.7
31/05/2021;XRP (Ripple);-0.00169;-0.00169
31/05/2021;ZEC (Zcash);-0.00169;-0.00169
28/06/2021;AUDCAD;-0.35;-0.39
28/06/2021;AUDCHF;0.1;-0.74
28/06/2021;AUDJPY;-0.17;-0.44
28/06/2021;AUDNZD;-0.55;-0.27
28/06/2021;AUDUSD;-0.31;-0.27
28/06/2021;BCH (Bitcoin Cash);-0.00169;-0.00169
28/06/2021;BTC (Bitcoin);-0.00169;-0.00169
28/06/2021;CADJPY;-0.12;-0.42
28/06/2021;CHFJPY;-0.63;-0.17
28/06/2021;DASH (Dash);-0.00169;-0.00169
28/06/2021;ETC (Ethereum Classic);-0.00169;-0.00169
28/06/2021;ETH (Ethereum);-0.00169;-0.00169
28/06/2021;EURAUD;-1.01;-0.08
28/06/2021;EURCAD;-0.85;-0.05
28/06/2021;EURCHF;-0.24;-0.64
28/06/2021;EURCZK;-2.7;-1.2
28/06/2021;EURDKK;-2.55;-3.4
28/06/2021;EURGBP;-0.55;-0.08
28/06/2021;EURJPY;-0.59;-0.28
28/06/2021;EURNOK;-8.1;-1.25
28/06/2021;EURNZD;-1.25;-0.09
28/06/2021;EURRUB;-58.5;31.5
28/06/2021;EURSEK;-5.65;-2.2
28/06/2021;EURSGD;-1.55;0.3
28/06/2021;EURUSD;-0.81;-0.03
28/06/2021;EURZAR;-42;28
28/06/2021;GBPAUD;-0.82;-0.55
28/06/2021;GBPCAD;-0.59;-0.4
28/06/2021;GBPCHF;0.02;-0.81
28/06/2021;GBPJPY;-0.29;-0.86
28/06/2021;GBPNZD;-1;-0.44
28/06/2021;GBPSEK;-0.85;-6.25
28/06/2021;GBPUSD;-0.59;-0.29
28/06/2021;GOLD;-17.8;-11.4
28/06/2021;LTC (Litecoin);-0.00169;-0.00169
28/06/2021;NOKSEK;0.22;-0.85
28/06/2021;NZDCAD;-0.24;-0.43
28/06/2021;NZDCHF;0.05;-0.86
28/06/2021;NZDJPY;-0.09;-0.49
28/06/2021;NZDSGD;-0.55;-0.34
28/06/2021;NZDUSD;-0.25;-0.38
28/06/2021;SILVER;-0.09;-0.05
28/06/2021;USDCAD;-0.32;-0.82
28/06/2021;USDCHF;0.05;-0.73
28/06/2021;USDCZK;-1.1;-0.7
28/06/2021;USDDKK;-2.3;-9.8
28/06/2021;USDHUF;-0.7;-2.7
28/06/2021;USDJPY;-0.14;-0.62
28/06/2021;USDNOK;-3.95;-4.2
28/06/2021;USDRUB;-44.2;23.8
28/06/2021;USDSEK;-2.65;-3.86
28/06/2021;USDSGD;-0.45;-0.86
28/06/2021;XAGUSD;-0.09;-0.05
28/06/2021;XAUUSD;-17.8;-11.4
28/06/2021;XMR (Monero);-0.00169;-0.00169
28/06/2021;XPDUSD;-3;-0.5
28/06/2021;XPTUSD;-3.5;0.7
28/06/2021;XRP (Ripple);-0.00169;-0.00169
28/06/2021;ZEC (Zcash);-0.00169;-0.00169
02/08/2021;AUDCAD;-0.36;-0.41
02/08/2021;AUDCHF;0.1;-0.74
02/08/2021;AUDJPY;-0.17;-0.44
02/08/2021;AUDNZD;-0.55;-0.27
02/08/2021;AUDUSD;-0.29;-0.25
02/08/2021;BCH (Bitcoin Cash);-0.00169;-0.00169
02/08/2021;BTC (Bitcoin);-0.00169;-0.00169
02/08/2021;CADJPY;-0.12;-0.42
02/08/2021;CHFJPY;-0.63;-0.17
02/08/2021;DASH (Dash);-0.00169;-0.00169
02/08/2021;ETC (Ethereum Classic);-0.00169;-0.00169
02/08/2021;ETH (Ethereum);-0.00169;-0.00169
02/08/2021;EURAUD;-1.01;-0.08
02/08/2021;EURCAD;-0.85;-0.05
02/08/2021;EURCHF;-0.23;-0.57
02/08/2021;EURCZK;-2.7;-1.2
02/08/2021;EURDKK;-2.55;-3.4
02/08/2021;EURGBP;-0.49;-0.09
02/08/2021;EURJPY;-0.51;-0.27
02/08/2021;EURNOK;-8.1;-1.25
02/08/2021;EURNZD;-1.25;-0.09
02/08/2021;EURRUB;-58.5;31.5
02/08/2021;EURSEK;-5.65;-2.2
02/08/2021;EURSGD;-1.55;0.3
02/08/2021;EURUSD;-0.71;-0.03
02/08/2021;EURZAR;-42;28
02/08/2021;GBPAUD;-0.82;-0.55
02/08/2021;GBPCAD;-0.59;-0.4
02/08/2021;GBPCHF;0.02;-0.82
02/08/2021;GBPJPY;-0.28;-0.78
02/08/2021;GBPNZD;-1;-0.44
02/08/2021;GBPSEK;-0.85;-6.25
02/08/2021;GBPUSD;-0.54;-0.3
02/08/2021;GOLD;-17.5;-11.5
02/08/2021;LTC (Litecoin);-0.00169;-0.00169
02/08/2021;NOKSEK;0.22;-0.85
02/08/2021;NZDCAD;-0.24;-0.43
02/08/2021;NZDCHF;0.05;-0.86
02/08/2021;NZDJPY;-0.09;-0.49
02/08/2021;NZDSGD;-0.55;-0.34
02/08/2021;NZDUSD;-0.26;-0.39
02/08/2021;SILVER;-0.09;-0.07
02/08/2021;USDCAD;-0.31;-0.65
02/08/2021;USDCHF;0.04;-0.64
02/08/2021;USDCZK;-1.1;-0.7
02/08/2021;USDDKK;-2.3;-9.8
02/08/2021;USDHUF;-0.7;-2.7
02/08/2021;USDJPY;-0.17;-0.53
02/08/2021;USDNOK;-3.95;-4.2
02/08/2021;USDRUB;-44.2;23.8
02/08/2021;USDSEK;-2.65;-3.86
02/08/2021;USDSGD;-0.45;-0.86
02/08/2021;XAGUSD;-0.09;-0.07
02/08/2021;XAUUSD;-17.5;-11.5
02/08/2021;XMR (Monero);-0.00169;-0.00169
02/08/2021;XPDUSD;-3;-0.5
02/08/2021;XPTUSD;-3.5;0.7
02/08/2021;XRP (Ripple);-0.00169;-0.00169
02/08/2021;ZEC (Zcash);-0.00169;-0.00169
30/08/2021;AUDCAD;-0.37;-0.41
30/08/2021;AUDCHF;0.1;-0.74
30/08/2021;AUDJPY;-0.17;-0.44
30/08/2021;AUDNZD;-0.55;-0.27
30/08/2021;AUDUSD;-0.32;-0.28
30/08/2021;BCH (Bitcoin Cash);-0.00169;-0.00169
30/08/2021;BTC (Bitcoin);-0.00169;-0.00169
30/08/2021;CADJPY;-0.12;-0.42
30/08/2021;CHFJPY;-0.61;-0.15
30/08/2021;DASH (Dash);-0.00169;-0.00169
30/08/2021;ETC (Ethereum Classic);-0.00169;-0.00169
30/08/2021;ETH (Ethereum);-0.00169;-0.00169
30/08/2021;EURAUD;-1.01;-0.08
30/08/2021;EURCAD;-0.85;-0.05
30/08/2021;EURCHF;-0.24;-0.58
30/08/2021;EURCZK;-2.7;-1.2
30/08/2021;EURDKK;-2.55;-3.4
30/08/2021;EURGBP;-0.51;-0.09
30/08/2021;EURJPY;-0.51;-0.27
30/08/2021;EURNOK;-8.1;-1.25
30/08/2021;EURNZD;-1.25;-0.09
30/08/2021;EURRUB;-58.5;31.5
30/08/2021;EURSEK;-5.65;-2.2
30/08/2021;EURSGD;-1.55;0.3
30/08/2021;EURUSD;-0.71;-0.03
30/08/2021;EURZAR;-42;28
30/08/2021;GBPAUD;-0.82;-0.55
30/08/2021;GBPCAD;-0.59;-0.4
30/08/2021;GBPCHF;0.02;-0.83
30/08/2021;GBPJPY;-0.28;-0.82
30/08/2021;GBPNZD;-1;-0.44
30/08/2021;GBPSEK;-0.85;-6.25
30/08/2021;GBPUSD;-0.54;-0.29
30/08/2021;GOLD;-17.5;-11.5
30/08/2021;LTC (Litecoin);-0.00169;-0.00169
30/08/2021;NOKSEK;0.22;-0.85
30/08/2021;NZDCAD;-0.24;-0.43
30/08/2021;NZDCHF;0.05;-0.86
30/08/2021;NZDJPY;-0.09;-0.49
30/08/2021;NZDSGD;-0.55;-0.34
30/08/2021;NZDUSD;-0.26;-0.38
30/08/2021;SILVER;-0.09;-0.05
30/08/2021;USDCAD;-0.31;-0.68
30/08/2021;USDCHF;0.04;-0.68
30/08/2021;USDCZK;-1.1;-0.7
30/08/2021;USDDKK;-2.3;-9.8
30/08/2021;USDHUF;-0.7;-2.7
30/08/2021;USDJPY;-0.17;-0.54
30/08/2021;USDNOK;-3.95;-4.2
30/08/2021;USDRUB;-44.2;23.8
30/08/2021;USDSEK;-2.65;-3.86
30/08/2021;USDSGD;-0.45;-0.86
30/08/2021;XAGUSD;-0.09;-0.05
30/08/2021;XAUUSD;-17.5;-11.5
30/08/2021;XMR (Monero);-0.00169;-0.00169
30/08/2021;XPDUSD;-3;-0.5
30/08/2021;XPTUSD;-3.5;0.7
30/08/2021;XRP (Ripple);-0.00169;-0.00169
30/08/2021;ZEC (Zcash);-0.00169;-0.00169
04/10/2021;AUDCAD;-0.37;-0.42
04/10/2021;AUDCHF;0.1;-0.74
04/10/2021;AUDJPY;-0.17;-0.44
04/10/2021;AUDNZD;-0.55;-0.27
04/10/2021;AUDUSD;-0.3;-0.26
04/10/2021;BCH (Bitcoin Cash);-0.00169;-0.00169
04/10/2021;BTC (Bitcoin);-0.00169;-0.00169
04/10/2021;CADJPY;-0.12;-0.42
04/10/2021;CHFJPY;-0.61;-0.15
04/10/2021;DASH (Dash);-0.00169;-0.00169
04/10/2021;ETC (Ethereum Classic);-0.00169;-0.00169
04/10/2021;ETH (Ethereum);-0.00169;-0.00169
04/10/2021;EURAUD;-1.01;-0.08
04/10/2021;EURCAD;-0.85;-0.05
04/10/2021;EURCHF;-0.22;-0.55
04/10/2021;EURCZK;-2.7;-1.2
04/10/2021;EURDKK;-2.55;-3.4
04/10/2021;EURGBP;-0.55;-0.08
04/10/2021;EURJPY;-0.53;-0.28
04/10/2021;EURNOK;-8.1;-1.25
04/10/2021;EURNZD;-1.25;-0.09
04/10/2021;EURRUB;-58.5;31.5
04/10/2021;EURSEK;-5.65;-2.2
04/10/2021;EURSGD;-1.55;0.3
04/10/2021;EURUSD;-0.69;-0.03
04/10/2021;EURZAR;-42;28
04/10/2021;GBPAUD;-0.82;-0.55
04/10/2021;GBPCAD;-0.59;-0.4
04/10/2021;GBPCHF;0.02;-0.83
04/10/2021;GBPJPY;-0.28;-0.8
04/10/2021;GBPNZD;-1;-0.44
04/10/2021;GBPSEK;-0.85;-6.25
04/10/2021;GBPUSD;-0.52;-0.28
04/10/2021;GOLD;-17.8;-11.4
04/10/2021;LTC (Litecoin);-0.00169;-0.00169
04/10/2021;NOKSEK;0.22;-0.85
04/10/2021;NZDCAD;-0.24;-0.43
04/10/2021;NZDCHF;0.05;-0.86
04/10/2021;NZDJPY;-0.09;-0.49
04/10/2021;NZDSGD;-0.55;-0.34
04/10/2021;NZDUSD;-0.25;-0.39
04/10/2021;SILVER;-0.09;-0.05
04/10/2021;USDCAD;-0.3;-0.65
04/10/2021;USDCHF;0.04;-0.65
04/10/2021;USDCZK;-1.1;-0.7
04/10/2021;USDDKK;-2.3;-9.8
04/10/2021;USDHUF;-0.7;-2.7
04/10/2021;USDJPY;-0.15;-0.53
04/10/2021;USDNOK;-3.95;-4.2
04/10/2021;USDRUB;-44.2;23.8
04/10/2021;USDSEK;-2.65;-3.86
04/10/2021;USDSGD;-0.45;-0.86
04/10/2021;XAGUSD;-0.09;-0.05
04/10/2021;XAUUSD;-17.8;-11.4
04/10/2021;XMR (Monero);-0.00169;-0.00169
04/10/2021;XPDUSD;-3;-0.5
04/10/2021;XPTUSD;-3.5;0.7
04/10/2021;XRP (Ripple);-0.00169;-0.00169
04/10/2021;ZEC (Zcash);-0.00169;-0.00169
01/11/2021;AUDCAD;-0.36;-0.42
01/11/2021;AUDCHF;0.1;-0.74
01/11/2021;AUDJPY;-0.17;-0.44
01/11/2021;AUDNZD;-0.55;-0.27
01/11/2021;AUDUSD;-0.32;-0.28
01/11/2021;BCH (Bitcoin Cash);-0.00169;-0.00169
01/11/2021;BTC (Bitcoin);-0.00169;-0.00169
01/11/2021;CADJPY;-0.12;-0.42
01/11/2021;CHFJPY;-0.63;-0.17
01/11/2021;DASH (Dash);-0.00169;-0.00169
01/11/2021;ETC (Ethereum Classic);-0.00169;-0.00169
01/11/2021;ETH (Ethereum);-0.00169;-0.00169
01/11/2021;EURAUD;-1.01;-0.08
01/11/2021;EURCAD;-0.85;-0.05
01/11/2021;EURCHF;-0.23;-0.58
01/11/2021;EURCZK;-2.7;-1.2
01/11/2021;EURDKK;-2.55;-3.4
01/11/2021;EURGBP;-0.51;-0.11
01/11/2021;EURJPY;-0.53;-0.28
01/11/2021;EURNOK;-8.1;-1.25
01/11/2021;EURNZD;-1.25;-0.09
01/11/2021;EURRUB;-58.5;31.5
01/11/2021;EURSEK;-5.65;-2.2
01/11/2021;EURSGD;-1.55;0.3
01/11/2021;EURUSD;-0.73;-0.03
01/11/2021;EURZAR;-42;28
01/11/2021;GBPAUD;-0.82;-0.55
01/11/2021;GBPCAD;-0.59;-0.4
01/11/2021;GBPCHF;0.02;-0.84
01/11/2021;GBPJPY;-0.29;-0.82
01/11/2021;GBPNZD;-1;-0.44
01/11/2021;GBPSEK;-0.85;-6.25
01/11/2021;GBPUSD;-0.54;-0.29
01/11/2021;GOLD;-17.5;-11.5
01/11/2021;LTC (Litecoin);-0.00169;-0.00169
01/11/2021;NOKSEK;0.22;-0.85
01/11/2021;NZDCAD;-0.24;-0.43
01/11/2021;NZDCHF;0.05;-0.86
01/11/2021;NZDJPY;-0.09;-0.49
01/11/2021;NZDSGD;-0.55;-0.34
01/11/2021;NZDUSD;-0.26;-0.39
01/11/2021;SILVER;-0.09;-0.05
01/11/2021;USDCAD;-0.32;-0.69
01/11/2021;USDCHF;0.04;-0.68
01/11/2021;USDCZK;-1.1;-0.7
01/11/2021;USDDKK;-2.3;-9.8
01/11/2021;USDHUF;-0.7;-2.7
01/11/2021;USDJPY;-0.17;-0.54
01/11/2021;USDNOK;-3.95;-4.2
01/11/2021;USDRUB;-44.2;23.8
01/11/2021;USDSEK;-2.65;-3.86
01/11/2021;USDSGD;-0.45;-0.86
01/11/2021;XAGUSD;-0.09;-0.05
01/11/2021;XAUUSD;-17.5;-11.5
01/11/2021;XMR (Monero);-0.00169;-0.00169
01/11/2021;XPDUSD;-3;-0.5
01/11/2021;XPTUSD;-3.5;0.7
01/11/2021;XRP (Ripple);-0.00169;-0.00169
01/11/2021;ZEC (Zcash);-0.00169;-0.00169
29/11/2021;AUDCAD;-0.35;-0.41
29/11/2021;AUDCHF;0.1;-0.74
29/11/2021;AUDJPY;-0.17;-0.44
29/11/2021;AUDNZD;-0.55;-0.27
29/11/2021;AUDUSD;-0.31;-0.26
29/11/2021;BCH (Bitcoin Cash);-0.00169;-0.00169
29/11/2021;BTC (Bitcoin);-0.00169;-0.00169
29/11/2021;CADJPY;-0.12;-0.42
29/11/2021;CHFJPY;-0.61;-0.15
29/11/2021;DASH (Dash);-0.00169;-0.00169
29/11/2021;ETC (Ethereum Classic);-0.00169;-0.00169
29/11/2021;ETH (Ethereum);-0.00169;-0.00169
29/11/2021;EURAUD;-1.01;-0.08
29/11/2021;EURCAD;-0.85;-0.05
29/11/2021;EURCHF;-0.22;-0.59
29/11/2021;EURCZK;-2.7;-1.2
29/11/2021;EURDKK;-2.55;-3.4
29/11/2021;EURGBP;-0.52;-0.08
29/11/2021;EURJPY;-0.53;-0.28
29/11/2021;EURNOK;-8.1;-1.25
29/11/2021;EURNZD;-1.25;-0.09
29/11/2021;EURRUB;-58.5;31.5
29/11/2021;EURSEK;-5.65;-2.2
29/11/2021;EURSGD;-1.55;0.3
29/11/2021;EURUSD;-0.76;-0.03
29/11/2021;EURZAR;-42;28
29/11/2021;GBPAUD;-0.82;-0.55
29/11/2021;GBPCAD;-0.59;-0.4
29/11/2021;GBPCHF;0.02;-0.86
29/11/2021;GBPJPY;-0.29;-0.82
29/11/2021;GBPNZD;-1;-0.44
29/11/2021;GBPSEK;-0.85;-6.25
29/11/2021;GBPUSD;-0.55;-0.29
29/11/2021;GOLD;-17.6;-11.4
29/11/2021;LTC (Litecoin);-0.00169;-0.00169
29/11/2021;NOKSEK;0.22;-0.85
29/11/2021;NZDCAD;-0.24;-0.43
29/11/2021;NZDCHF;0.05;-0.86
29/11/2021;NZDJPY;-0.09;-0.49
29/11/2021;NZDSGD;-0.55;-0.34
29/11/2021;NZDUSD;-0.24;-0.36
29/11/2021;SILVER;-0.1;-0.05
29/11/2021;USDCAD;-0.3;-0.71
29/11/2021;USDCHF;0.04;-0.69
29/11/2021;USDCZK;-1.1;-0.7
29/11/2021;USDDKK;-2.3;-9.8
29/11/2021;USDHUF;-0.7;-2.7
29/11/2021;USDJPY;-0.15;-0.59
29/11/2021;USDNOK;-3.95;-4.2
29/11/2021;USDRUB;-44.2;23.8
29/11/2021;USDSEK;-2.65;-3.76
29/11/2021;USDSGD;-0.45;-0.86
29/11/2021;XAGUSD;-0.1;-0.05
29/11/2021;XAUUSD;-17.6;-11.4
29/11/2021;XMR (Monero);-0.00169;-0.00169
29/11/2021;XPDUSD;-3;-0.5
29/11/2021;XPTUSD;-3.5;0.7
29/11/2021;XRP (Ripple);-0.00169;-0.00169
29/11/2021;ZEC (Zcash);-0.00169;-0.00169
03/01/2022;AUDCAD;-0.34;-0.38
03/01/2022;AUDCHF;0.09;-0.74
03/01/2022;AUDJPY;-0.17;-0.44
03/01/2022;AUDNZD;-0.55;-0.27
03/01/2022;AUDUSD;-0.32;-0.28
03/01/2022;BCH (Bitcoin Cash);-0.00169;-0.00169
03/01/2022;BTC (Bitcoin);-0.00169;-0.00169
03/01/2022;CADJPY;-0.12;-0.42
03/01/2022;CHFJPY;-0.61;-0.15
03/01/2022;DASH (Dash);-0.00169;-0.00169
03/01/2022;ETC (Ethereum Classic);-0.00169;-0.00169
03/01/2022;ETH (Ethereum);-0.00169;-0.00169
03/01/2022;EURAUD;-1.01;-0.08
03/01/2022;EURCAD;-0.85;-0.05
03/01/2022;EURCHF;-0.23;-0.57
03/01/2022;EURCZK;-2.7;-1.2
03/01/2022;EURDKK;-2.55;-3.4
03/01/2022;EURGBP;-0.51;-0.09
03/01/2022;EURJPY;-0.51;-0.29
03/01/2022;EURNOK;-8.1;-1.25
03/01/2022;EURNZD;-1.25;-0.09
03/01/2022;EURRUB;-58.5;31.5
03/01/2022;EURSEK;-5.65;-2.2
03/01/2022;EURSGD;-1.55;0.3
03/01/2022;EURUSD;-0.73;-0.03
03/01/2022;EURZAR;-42;28
03/01/2022;GBPAUD;-0.82;-0.55
03/01/2022;GBPCAD;-0.59;-0.4
03/01/2022;GBPCHF;0.02;-0.83
03/01/2022;GBPJPY;-0.29;-0.79
03/01/2022;GBPNZD;-1;-0.44
03/01/2022;GBPSEK;-0.85;-6.25
03/01/2022;GBPUSD;-0.52;-0.29
03/01/2022;GOLD;-17.5;-11.5
03/01/2022;LTC (Litecoin);-0.00169;-0.00169
03/01/2022;NOKSEK;0.22;-0.85
03/01/2022;NZDCAD;-0.24;-0.43
03/01/2022;NZDCHF;0.04;-0.86
03/01/2022;NZDJPY;-0.09;-0.49
03/01/2022;NZDSGD;-0.55;-0.34
03/01/2022;NZDUSD;-0.26;-0.38
03/01/2022;SILVER;-0.13;-0.07
03/01/2022;USDCAD;-0.3;-0.65
03/01/2022;USDCHF;0.04;-0.68
03/01/2022;USDCZK;-1.1;-0.7
03/01/2022;USDDKK;-2.3;-9.8
03/01/2022;USDHUF;-0.7;-2.7
03/01/2022;USDJPY;-0.17;-0.54
03/01/2022;USDNOK;-3.95;-4.2
03/01/2022;USDRUB;-44.2;23.8
03/01/2022;USDSEK;-2.65;-3.76
03/01/2022;USDSGD;-0.45;-0.86
03/01/2022;XAGUSD;-0.13;-0.07
03/01/2022;XAUUSD;-17.5;-11.5
03/01/2022;XMR (Monero);-0.00169;-0.00169
03/01/2022;XPDUSD;-3;-0.5
03/01/2022;XPTUSD;-3.5;0.7
03/01/2022;XRP (Ripple);-0.00169;-0.00169
03/01/2022;ZEC (Zcash);-0.00169;-0.00169
31/01/2022;AUDCAD;-0.42;-0.36
31/01/2022;AUDCHF;0.09;-0.74
31/01/2022;AUDJPY;-0.27;-0.45
31/01/2022;AUDNZD;-0.55;-0.27
31/01/2022;AUDUSD;-0.31;-0.25
31/01/2022;BCH (Bitcoin Cash);-0.00169;-0.00169
31/01/2022;BTC (Bitcoin);-0.00169;-0.00169
31/01/2022;CADCHF;-0.06;-0.51
31/01/2022;CADJPY;-0.22;-0.44
31/01/2022;CHFJPY;-0.7;-0.21
31/01/2022;DASH (Dash);-0.00169;-0.00169
31/01/2022;ETC (Ethereum Classic);-0.00169;-0.00169
31/01/2022;ETH (Ethereum);-0.00169;-0.00169
31/01/2022;EURAUD;-0.95;-0.17
31/01/2022;EURCAD;-0.85;-0.12
31/01/2022;EURCHF;-0.29;-0.46
31/01/2022;EURCZK;-2.7;-1.2
31/01/2022;EURDKK;-2.55;-3.4
31/01/2022;EURGBP;-0.55;-0.13
31/01/2022;EURJPY;-0.62;-0.24
31/01/2022;EURNOK;-9.1;-1.25
31/01/2022;EURNZD;-1.25;-0.09
31/01/2022;EURRUB;-58.5;31.5
31/01/2022;EURSEK;-5.65;-2.2
31/01/2022;EURSGD;-1.55;0.3
31/01/2022;EURUSD;-0.63;-0.09
31/01/2022;EURZAR;-42;28
31/01/2022;GBPAUD;-0.61;-0.76
31/01/2022;GBPCAD;-0.65;-0.65
31/01/2022;GBPCHF;-0.13;-0.87
31/01/2022;GBPJPY;-0.43;-0.73
31/01/2022;GBPNZD;-1;-0.52
31/01/2022;GBPSEK;-0.85;-6.25
31/01/2022;GBPUSD;-0.5;-0.45
31/01/2022;GOLD;-16.9;-11.4
31/01/2022;LTC (Litecoin);-0.00169;-0.00169
31/01/2022;NOKSEK;0.22;-0.85
31/01/2022;NZDCAD;-0.27;-0.45
31/01/2022;NZDCHF;-0.04;-0.56
31/01/2022;NZDJPY;-0.19;-0.49
31/01/2022;NZDSGD;-0.55;-0.34
31/01/2022;NZDUSD;-0.24;-0.38
31/01/2022;SILVER;-0.09;-0.05
31/01/2022;USDCAD;-0.39;-0.45
31/01/2022;USDCHF;-0.05;-0.65
31/01/2022;USDCZK;-1.1;-0.7
31/01/2022;USDDKK;-2.3;-9.8
31/01/2022;USDHUF;-0.7;-2.7
31/01/2022;USDJPY;-0.25;-0.52
31/01/2022;USDNOK;-5.7;-3.2
31/01/2022;USDRUB;-44.2;23.8
31/01/2022;USDSEK;-2.7;-5.2
31/01/2022;USDSGD;-0.45;-0.86
31/01/2022;USDZAR;-36;7.5
31/01/2022;XAGUSD;-0.09;-0.05
31/01/2022;XAUUSD;-16.9;-11.4
31/01/2022;XMR (Monero);-0.00169;-0.00169
31/01/2022;XPDUSD;-3;-0.5
31/01/2022;XPTUSD;-3.5;0.7
31/01/2022;XRP (Ripple);-0.00169;-0.00169
31/01/2022;ZEC (Zcash);-0.00169;-0.00169
28/02/2022;AUDCAD;-0.41;-0.35
28/02/2022;AUDCHF;0.09;-0.74
28/02/2022;AUDJPY;-0.27;-0.45
28/02/2022;AUDNZD;-0.55;-0.27
28/02/2022;AUDUSD;-0.3;-0.26
28/02/2022;BCH (Bitcoin Cash);-0.00169;-0.00169
28/02/2022;BTC (Bitcoin);-0.00169;-0.00169
28/02/2022;CADCHF;-0.06;-0.51
28/02/2022;CADJPY;-0.22;-0.44
28/02/2022;CHFJPY;-0.7;-0.21
28/02/2022;DASH (Dash);-0.00169;-0.00169
28/02/2022;ETC (Ethereum Classic);-0.00169;-0.00169
28/02/2022;ETH (Ethereum);-0.00169;-0.00169
28/02/2022;EURAUD;-0.95;-0.17
28/02/2022;EURCAD;-0.85;-0.12
28/02/2022;EURCHF;-0.29;-0.46
28/02/2022;EURCZK;-2.7;-1.2
28/02/2022;EURDKK;-2.55;-3.4
28/02/2022;EURGBP;-0.53;-0.13
28/02/2022;EURJPY;-0.63;-0.26
28/02/2022;EURNOK;-9.1;-1.25
28/02/2022;EURNZD;-1.25;-0.09
28/02/2022;EURRUB;-58.5;31.5
28/02/2022;EURSEK;-5.65;-2.2
28/02/2022;EURSGD;-1.55;0.3
28/02/2022;EURUSD;-0.65;-0.09
28/02/2022;EURZAR;-42;28
28/02/2022;GBPAUD;-0.61;-0.76
28/02/2022;GBPCAD;-0.65;-0.65
28/02/2022;GBPCHF;-0.12;-0.85
28/02/2022;GBPJPY;-0.42;-0.68
28/02/2022;GBPNZD;-1;-0.52
28/02/2022;GBPSEK;-0.85;-6.25
28/02/2022;GBPUSD;-0.47;-0.45
28/02/2022;GOLD;-17.5;-11.5
28/02/2022;LTC (Litecoin);-0.00169;-0.00169
28/02/2022;NOKSEK;0.22;-0.85
28/02/2022;NZDCAD;-0.27;-0.45
28/02/2022;NZDCHF;-0.04;-0.56
28/02/2022;NZDJPY;-0.19;-0.49
28/02/2022;NZDSGD;-0.55;-0.34
28/02/2022;NZDUSD;-0.24;-0.36
28/02/2022;SILVER;-0.13;-0.07
28/02/2022;USDCAD;-0.41;-0.44
28/02/2022;USDCHF;-0.07;-0.63
28/02/2022;USDCZK;-1.1;-0.7
28/02/2022;USDDKK;-2.3;-9.8
28/02/2022;USDHUF;-0.7;-2.7
28/02/2022;USDJPY;-0.26;-0.52
28/02/2022;USDNOK;-5.7;-3.2
28/02/2022;USDRUB;-44.2;23.8
28/02/2022;USDSEK;-2.7;-5.2
28/02/2022;USDSGD;-0.45;-0.86
28/02/2022;USDZAR;-36;7.5
28/02/2022;XAGUSD;-0.13;-0.07
28/02/2022;XAUUSD;-17.5;-11.5
28/02/2022;XMR (Monero);-0.00169;-0.00169
28/02/2022;XPDUSD;-3;-0.5
28/02/2022;XPTUSD;-3.5;0.7
28/02/2022;XRP (Ripple);-0.00169;-0.00169
28/02/2022;ZEC (Zcash);-0.00169;-0.00169
04/04/2022;AUDCAD;-0.18;-0.08
04/04/2022;AUDCHF;0.05;-0.25
04/04/2022;AUDJPY;-0.11;-0.18
04/04/2022;AUDNZD;-0.45;0.1
04/04/2022;AUDUSD;-0.28;-0.19
04/04/2022;BCH (Bitcoin Cash);-0.00169;-0.00169
04/04/2022;BTC (Bitcoin);-0.00169;-0.00169
04/04/2022;CADCHF;-0.06;-0.51
04/04/2022;CADJPY;-0.07;-0.25
04/04/2022;CHFJPY;-0.4;0.07
04/04/2022;DASH (Dash);-0.00169;-0.00169
04/04/2022;ETC (Ethereum Classic);-0.00169;-0.00169
04/04/2022;ETH (Ethereum);-0.00169;-0.00169
04/04/2022;EURAUD;-0.55;0.03
04/04/2022;EURCAD;-0.63;0.11
04/04/2022;EURCHF;-0.16;-0.29
04/04/2022;EURCZK;-2.7;-1.2
04/04/2022;EURDKK;-2.55;-3.4
04/04/2022;EURGBP;-0.54;0.04
04/04/2022;EURJPY;-0.41;-0.02
04/04/2022;EURNOK;-9.1;-1.25
04/04/2022;EURNZD;-0.85;0.42
04/04/2022;EURRUB;-58.5;31.5
04/04/2022;EURSEK;-5.65;-2.2
04/04/2022;EURSGD;-1.55;0.3
04/04/2022;EURUSD;-0.43;0.08
04/04/2022;EURZAR;-42;28
04/04/2022;GBPAUD;-0.25;-0.76
04/04/2022;GBPCAD;0.36;-0.56
04/04/2022;GBPCHF;0.06;-0.85
04/04/2022;GBPJPY;-0.12;-0.68
04/04/2022;GBPNZD;-0.8;-0.35
04/04/2022;GBPSEK;-0.85;-6.25
04/04/2022;GBPUSD;-0.23;-0.44
04/04/2022;GOLD;-17.1;-10.3
04/04/2022;LTC (Litecoin);-0.00169;-0.00169
04/04/2022;NOKSEK;0.22;-0.85
04/04/2022;NZDCAD;0.05;-0.29
04/04/2022;NZDCHF;0.2;-0.39
04/04/2022;NZDJPY;0.15;-0.4
04/04/2022;NZDSGD;-0.55;-0.34
04/04/2022;NZDUSD;-0.03;-0.33
04/04/2022;SILVER;-0.09;-0.05
04/04/2022;USDCAD;-0.24;-0.21
04/04/2022;USDCHF;0.07;-0.49
04/04/2022;USDCZK;-1.1;-0.7
04/04/2022;USDDKK;-2.3;-9.8
04/04/2022;USDHUF;-0.7;-2.7
04/04/2022;USDJPY;-0.15;-0.33
04/04/2022;USDNOK;-5.7;-3.2
04/04/2022;USDRUB;-44.2;23.8
04/04/2022;USDSEK;-2.7;-5.2
04/04/2022;USDSGD;-0.45;-0.86
04/04/2022;USDZAR;-36;7.5
04/04/2022;XAGUSD;-0.09;-0.05
04/04/2022;XAUUSD;-17.1;-10.3
04/04/2022;XMR (Monero);-0.00169;-0.00169
04/04/2022;XPDUSD;-3;-0.5
04/04/2022;XPTUSD;-3.5;0.7
04/04/2022;XRP (Ripple);-0.00169;-0.00169
04/04/2022;ZEC (Zcash);-0.00169;-0.00169
02/05/2022;AUDCAD;-0.19;-0.09
02/05/2022;AUDCHF;0.05;-0.25
02/05/2022;AUDJPY;-0.1;-0.17
02/05/2022;AUDNZD;-0.43;0.11
02/05/2022;AUDUSD;-0.27;-0.2
02/05/2022;BCH (Bitcoin Cash);-0.00169;-0.00169
02/05/2022;BTC (Bitcoin);-0.00169;-0.00169
02/05/2022;CADCHF;-0.06;-0.51
02/05/2022;CADJPY;-0.05;-0.22
02/05/2022;CHFJPY;-0.41;0.06
02/05/2022;DASH (Dash);-0.00169;-0.00169
02/05/2022;ETC (Ethereum Classic);-0.00169;-0.00169
02/05/2022;ETH (Ethereum);-0.00169;-0.00169
02/05/2022;EURAUD;-0.51;0.05
02/05/2022;EURCAD;-0.55;0.11
02/05/2022;EURCHF;-0.17;-0.27
02/05/2022;EURCZK;-2.7;-1.2
02/05/2022;EURDKK;-2.55;-3.4
02/05/2022;EURGBP;-0.51;0.05
02/05/2022;EURJPY;-0.38;-0.03
02/05/2022;EURNOK;-9.1;-1.25
02/05/2022;EURNZD;-0.81;0.42
02/05/2022;EURRUB;-58.5;31.5
02/05/2022;EURSEK;-5.65;-2.2
02/05/2022;EURSGD;-1.55;0.3
02/05/2022;EURUSD;-0.42;0.08
02/05/2022;EURZAR;-42;28
02/05/2022;GBPAUD;-0.25;-0.76
02/05/2022;GBPCAD;0.36;-0.56
02/05/2022;GBPCHF;0.06;-0.86
02/05/2022;GBPJPY;-0.11;-0.69
02/05/2022;GBPNZD;-0.8;-0.35
02/05/2022;GBPSEK;-0.85;-6.25
02/05/2022;GBPUSD;-0.24;-0.44
02/05/2022;GOLD;-10.5;-4.5
02/05/2022;LTC (Litecoin);-0.00169;-0.00169
02/05/2022;NOKSEK;0.22;-0.85
02/05/2022;NZDCAD;0.05;-0.29
02/05/2022;NZDCHF;0.2;-0.39
02/05/2022;NZDJPY;0.15;-0.4
02/05/2022;NZDSGD;-0.55;-0.34
02/05/2022;NZDUSD;-0.03;-0.31
02/05/2022;SILVER;-0.13;-0.07
02/05/2022;USDCAD;-0.23;-0.21
02/05/2022;USDCHF;0.08;-0.47
02/05/2022;USDCZK;-1.1;-0.7
02/05/2022;USDDKK;-2.3;-9.8
02/05/2022;USDHUF;-0.7;-2.7
02/05/2022;USDJPY;-0.17;-0.34
02/05/2022;USDNOK;-5.7;-3.2
02/05/2022;USDRUB;-44.2;23.8
02/05/2022;USDSEK;-2.7;-5.2
02/05/2022;USDSGD;-0.45;-0.86
02/05/2022;USDZAR;-36;7.5
02/05/2022;XAGUSD;-0.13;-0.07
02/05/2022;XAUUSD;-10.5;-4.5
02/05/2022;XMR (Monero);-0.00169;-0.00169
02/05/2022;XPDUSD;-3;-0.5
02/05/2022;XPTUSD;-3.5;0.7
02/05/2022;XRP (Ripple);-0.00169;-0.00169
02/05/2022;ZEC (Zcash);-0.00169;-0.00169
30/05/2022;AUDCAD;-0.33;0.03
30/05/2022;AUDCHF;0.05;-0.25
30/05/2022;AUDJPY;-0.1;-0.17
30/05/2022;AUDNZD;-0.43;0.11
30/05/2022;AUDUSD;-0.27;-0.21
30/05/2022;BCH (Bitcoin Cash);-0.00169;-0.00169
30/05/2022;BTC (Bitcoin);-0.00169;-0.00169
30/05/2022;CADCHF;-0.06;-0.51
30/05/2022;CADJPY;0.2;-0.45
30/05/2022;CHFJPY;-0.41;0.07
30/05/2022;DASH (Dash);-0.00169;-0.00169
30/05/2022;ETC (Ethereum Classic);-0.00169;-0.00169
30/05/2022;ETH (Ethereum);-0.00169;-0.00169
30/05/2022;EURAUD;-0.51;0.05
30/05/2022;EURCAD;-0.78;0.39
30/05/2022;EURCHF;-0.17;-0.27
30/05/2022;EURCZK;-2.7;-1.2
30/05/2022;EURDKK;-2.55;-3.4
30/05/2022;EURGBP;-0.51;0.11
30/05/2022;EURJPY;-0.37;-0.04
30/05/2022;EURNOK;-6.1;2.6
30/05/2022;EURNZD;-1.2;0.5
30/05/2022;EURRUB;-58.5;31.5
30/05/2022;EURSEK;-2.9;0.45
30/05/2022;EURSGD;-1.55;0.3
30/05/2022;EURUSD;-0.58;0.15
30/05/2022;EURZAR;-42;28
30/05/2022;GBPAUD;-0.1;-0.6
30/05/2022;GBPCAD;-0.42;-0.32
30/05/2022;GBPCHF;0.26;-0.82
30/05/2022;GBPJPY;0.09;-0.75
30/05/2022;GBPNZD;-0.8;-0.35
30/05/2022;GBPSEK;-0.85;-6.25
30/05/2022;GBPUSD;-0.29;-0.31
30/05/2022;GOLD;-8.5;-3.5
30/05/2022;LTC (Litecoin);-0.00169;-0.00169
30/05/2022;NOKSEK;0.22;-0.85
30/05/2022;NZDCAD;-0.15;-0.25
30/05/2022;NZDCHF;0.2;-0.39
30/05/2022;NZDJPY;0.15;-0.36
30/05/2022;NZDSGD;-0.55;-0.34
30/05/2022;NZDUSD;-0.03;-0.3
30/05/2022;SILVER;-0.11;-0.07
30/05/2022;USDCAD;-0.38;-0.04
30/05/2022;USDCHF;0.17;-0.55
30/05/2022;USDCZK;-1.1;-0.7
30/05/2022;USDDKK;-2.3;-9.8
30/05/2022;USDHUF;-0.7;-2.7
30/05/2022;USDJPY;-0.03;-0.47
30/05/2022;USDNOK;-1.9;-1.2
30/05/2022;USDRUB;-44.2;23.8
30/05/2022;USDSEK;0.5;-3.1
30/05/2022;USDSGD;-0.45;-0.86
30/05/2022;USDZAR;-36;7.5
30/05/2022;XAGUSD;-0.11;-0.07
30/05/2022;XAUUSD;-8.5;-3.5
30/05/2022;XMR (Monero);-0.00169;-0.00169
30/05/2022;XPDUSD;-3;-0.5
30/05/2022;XPTUSD;-3.5;0.7
30/05/2022;XRP (Ripple);-0.00169;-0.00169
30/05/2022;ZEC (Zcash);-0.00169;-0.00169
04/07/2022;AUDCAD;-0.33;0.04
04/07/2022;AUDCHF;0.17;-0.37
04/07/2022;AUDJPY;0.1;-0.33
04/07/2022;AUDNZD;-0.31;0.16
04/07/2022;AUDUSD;-0.21;-0.14
04/07/2022;BCH (Bitcoin Cash);-0.00169;-0.00169
04/07/2022;BTC (Bitcoin);-0.00169;-0.00169
04/07/2022;CADCHF;-0.06;-0.51
04/07/2022;CADJPY;0.32;-0.57
04/07/2022;CHFJPY;-0.41;0.07
04/07/2022;DASH (Dash);-0.00169;-0.00169
04/07/2022;ETC (Ethereum Classic);-0.00169;-0.00169
04/07/2022;ETH (Ethereum);-0.00169;-0.00169
04/07/2022;EURAUD;-0.62;0.24
04/07/2022;EURCAD;-0.78;0.39
04/07/2022;EURCHF;0.19;-0.26
04/07/2022;EURCZK;-2.7;-1.2
04/07/2022;EURDKK;-2.55;-3.4
04/07/2022;EURGBP;-0.51;0.11
04/07/2022;EURJPY;-0.39;-0.03
04/07/2022;EURNOK;-5.7;2.6
04/07/2022;EURNZD;-1.28;0.73
04/07/2022;EURRUB;-58.5;31.5
04/07/2022;EURSEK;-2.9;0.49
04/07/2022;EURSGD;-1.55;0.3
04/07/2022;EURUSD;-0.39;0.23
04/07/2022;EURZAR;-42;28
04/07/2022;GBPAUD;-0.27;-0.54
04/07/2022;GBPCAD;-0.42;-0.32
04/07/2022;GBPCHF;0.27;-0.83
04/07/2022;GBPJPY;0.21;-0.58
04/07/2022;GBPNZD;-0.75;-0.31
04/07/2022;GBPSEK;-0.85;-6.25
04/07/2022;GBPUSD;-0.29;-0.32
04/07/2022;GOLD;-4.5;-1.5
04/07/2022;LTC (Litecoin);-0.00169;-0.00169
04/07/2022;NOKSEK;0.22;-0.85
04/07/2022;NZDCAD;-0.15;-0.25
04/07/2022;NZDCHF;0.35;-0.53
04/07/2022;NZDJPY;0.15;-0.36
04/07/2022;NZDSGD;-0.55;-0.34
04/07/2022;NZDUSD;-0.04;-0.29
04/07/2022;SILVER;-0.13;-0.07
04/07/2022;USDCAD;-0.39;-0.04
04/07/2022;USDCHF;0.27;-0.42
04/07/2022;USDCZK;-1.1;-0.7
04/07/2022;USDDKK;-2.3;-9.8
04/07/2022;USDHUF;-0.7;-2.7
04/07/2022;USDJPY;0.18;-0.42
04/07/2022;USDNOK;-1.9;-1.2
04/07/2022;USDRUB;-44.2;23.8
04/07/2022;USDSEK;0.5;-3.1
04/07/2022;USDSGD;-0.45;-0.86
04/07/2022;USDZAR;-36;7.5
04/07/2022;XAGUSD;-0.13;-0.07
04/07/2022;XAUUSD;-4.5;-1.5
04/07/2022;XMR (Monero);-0.00169;-0.00169
04/07/2022;XPDUSD;-3;-0.5
04/07/2022;XPTUSD;-3.5;0.7
04/07/2022;XRP (Ripple);-0.00169;-0.00169
04/07/2022;ZEC (Zcash);-0.00169;-0.00169
01/08/2022;AUDCAD;-0.33;0.03
01/08/2022;AUDCHF;0.17;-0.37
01/08/2022;AUDJPY;0.25;-0.55
01/08/2022;AUDNZD;-0.31;0.16
01/08/2022;AUDUSD;-0.24;-0.14
01/08/2022;BCH (Bitcoin Cash);-0.00169;-0.00169
01/08/2022;BTC (Bitcoin);-0.00169;-0.00169
01/08/2022;CADCHF;0.33;-0.56
01/08/2022;CADJPY;0.42;-0.65
01/08/2022;CHFJPY;-0.23;-0.12
01/08/2022;DASH (Dash);-0.00169;-0.00169
01/08/2022;ETC (Ethereum Classic);-0.00169;-0.00169
01/08/2022;ETH (Ethereum);-0.00169;-0.00169
01/08/2022;EURAUD;-0.95;0.44
01/08/2022;EURCAD;-0.98;0.52
01/08/2022;EURCHF;-0.23;-0.13
01/08/2022;EURCZK;-5.7;3.9
01/08/2022;EURDKK;-1.8;0.44
01/08/2022;EURGBP;-0.63;0.23
01/08/2022;EURJPY;-0.39;-0.03
01/08/2022;EURNOK;-5.3;2.6
01/08/2022;EURNZD;-1.28;0.73
01/08/2022;EURRUB;-58.5;31.5
01/08/2022;EURSEK;-2.9;0.49
01/08/2022;EURSGD;-1.55;0.3
01/08/2022;EURUSD;-0.69;0.46
01/08/2022;EURZAR;-42;28
01/08/2022;GBPAUD;-0.37;-0.35
01/08/2022;GBPCAD;-0.52;-0.2
01/08/2022;GBPCHF;0.28;-0.78
01/08/2022;GBPJPY;0.43;-0.89
01/08/2022;GBPNZD;-0.75;-0.31
01/08/2022;GBPSEK;-0.85;-6.25
01/08/2022;GBPUSD;-0.29;-0.32
01/08/2022;GOLD;-4.4;-1.9
01/08/2022;LTC (Litecoin);-0.00169;-0.00169
01/08/2022;NOKSEK;0.22;-0.85
01/08/2022;NZDCAD;-0.15;-0.25
01/08/2022;NZDCHF;0.35;-0.53
01/08/2022;NZDJPY;0.35;-0.75
01/08/2022;NZDSGD;-0.55;-0.34
01/08/2022;NZDUSD;-0.14;-0.19
01/08/2022;SILVER;-0.17;-0.07
01/08/2022;USDCAD;-0.19;-0.24
01/08/2022;USDCHF;0.36;-0.68
01/08/2022;USDCZK;-4.2;2.4
01/08/2022;USDDKK;-1;-1
01/08/2022;USDHUF;-0.7;-2.7
01/08/2022;USDJPY;0.56;-0.89
01/08/2022;USDNOK;-1.9;-1.2
01/08/2022;USDRUB;-44.2;23.8
01/08/2022;USDSEK;0.5;-3.1
01/08/2022;USDSGD;-0.45;-0.86
01/08/2022;USDZAR;-36;7.5
01/08/2022;XAGUSD;-0.17;-0.07
01/08/2022;XAUUSD;-4.4;-1.9
01/08/2022;XMR (Monero);-0.00169;-0.00169
01/08/2022;XPDUSD;-3;-0.5
01/08/2022;XPTUSD;-3.5;0.7
01/08/2022;XRP (Ripple);-0.00169;-0.00169
01/08/2022;ZEC (Zcash);-0.00169;-0.00169
